Id,Tz,From,To,Sched,Hours,Rating,Comment,Framerate,Snore,Noise,Cycles,DeepSleep,LenAdjust,Geo,"12:16"
"1525816400609","XXX/YYY","09. 05. 2018 3:23","09. 05. 2018 12:16","09. 05. 2018 12:16","8.880","0.0"
Id,Tz,From,To,Sched,Hours,Rating,Comment,Framerate,Snore,Noise,Cycles,DeepSleep,LenAdjust,Geo,"7:44"
"1525718572512","XXX/YYY","08. 05. 2018 0:12","08. 05. 2018 7:44","08. 05. 2018 7:44","7.520","0.0"
Id,Tz,From,To,Sched,Hours,Rating,Comment,Framerate,Snore,Noise,Cycles,DeepSleep,LenAdjust,Geo,"13:30"
"1525668718667","XXX/YYY","07. 05. 2018 10:21","07. 05. 2018 13:30","07. 05. 2018 13:30","3.140","0.0"
Id,Tz,From,To,Sched,Hours,Rating,Comment,Framerate,Snore,Noise,Cycles,DeepSleep,LenAdjust,Geo,"10:53"
"1525557236230","XXX/YYY","06. 05. 2018 3:23","06. 05. 2018 10:53","06. 05. 2018 10:53","7.490","0.0"
Id,Tz,From,To,Sched,Hours,Rating,Comment,Framerate,Snore,Noise,Cycles,DeepSleep,LenAdjust,Geo,"7:39"
"1525451941054","XXX/YYY","04. 05. 2018 22:09","05. 05. 2018 7:39","05. 05. 2018 7:39","9.510","0.0"
Id,Tz,From,To,Sched,Hours,Rating,Comment,Framerate,Snore,Noise,Cycles,DeepSleep,LenAdjust,Geo,"8:53"
"1525381616230","XXX/YYY","04. 05. 2018 2:36","04. 05. 2018 8:53","04. 05. 2018 8:53","6.270","0.0"
Id,Tz,From,To,Sched,Hours,Rating,Comment,Framerate,Snore,Noise,Cycles,DeepSleep,LenAdjust,Geo,"7:42"
"1525279916230","XXX/YYY","02. 05. 2018 22:21","03. 05. 2018 7:42","03. 05. 2018 7:42","9.340","0.0"
Id,Tz,From,To,Sched,Hours,Rating,Comment,Framerate,Snore,Noise,Cycles,DeepSleep,LenAdjust,Geo,"3:42"
"1525208456230","XXX/YYY","02. 05. 2018 2:30","02. 05. 2018 3:42","02. 05. 2018 3:42","1.190","0.0"
Id,Tz,From,To,Sched,Hours,Rating,Comment,Framerate,Snore,Noise,Cycles,DeepSleep,LenAdjust,Geo,"0:15"
"1525183765948","XXX/YYY","01. 05. 2018 19:39","02. 05. 2018 0:15","02. 05. 2018 0:15","4.600","0.0"
Id,Tz,From,To,Sched,Hours,Rating,Comment,Framerate,Snore,Noise,Cycles,DeepSleep,LenAdjust,Geo,"3:25"
"1525107896230","XXX/YYY","30. 04. 2018 22:34","01. 05. 2018 3:25","01. 05. 2018 3:25","4.840","0.0"
Id,Tz,From,To,Sched,Hours,Rating,Comment,Framerate,Snore,Noise,Cycles,DeepSleep,LenAdjust,Geo,"19:36"
"1525085185948","XXX/YYY","30. 04. 2018 16:16","30. 04. 2018 19:36","30. 04. 2018 19:36","3.330","0.0"
Id,Tz,From,To,Sched,Hours,Rating,Comment,Framerate,Snore,Noise,Cycles,DeepSleep,LenAdjust,Geo,"5:56"
"1524916765948","XXX/YYY","28. 04. 2018 17:29","29. 04. 2018 5:56","29. 04. 2018 5:56","12.450","0.0"
Id,Tz,From,To,Sched,Hours,Rating,Comment,Framerate,Snore,Noise,Cycles,DeepSleep,LenAdjust,Geo,"4:58"
"1524859045948","XXX/YYY","28. 04. 2018 1:27","28. 04. 2018 4:58","28. 04. 2018 4:58","3.520","0.0"
Id,Tz,From,To,Sched,Hours,Rating,Comment,Framerate,Snore,Noise,Cycles,DeepSleep,LenAdjust,Geo,"19:44"
"1524820465948","XXX/YYY","27. 04. 2018 14:44","27. 04. 2018 19:44","27. 04. 2018 19:44","5.000","0.0"
Id,Tz,From,To,Sched,Hours,Rating,Comment,Framerate,Snore,Noise,Cycles,DeepSleep,LenAdjust,Geo,"5:34"
"1524674936230","XXX/YYY","25. 04. 2018 22:18","26. 04. 2018 5:34","26. 04. 2018 5:34","7.260","0.0"
Id,Tz,From,To,Sched,Hours,Rating,Comment,Framerate,Snore,Noise,Cycles,DeepSleep,LenAdjust,Geo,"18:27"
"1524643376230","XXX/YYY","25. 04. 2018 13:32","25. 04. 2018 18:27","25. 04. 2018 18:27","4.910","0.0"
Id,Tz,From,To,Sched,Hours,Rating,Comment,Framerate,Snore,Noise,Cycles,DeepSleep,LenAdjust,Geo,"18:12"
"1524560005948","XXX/YYY","24. 04. 2018 14:23","24. 04. 2018 18:12","24. 04. 2018 18:12","3.820","0.0"
Id,Tz,From,To,Sched,Hours,Rating,Comment,Framerate,Snore,Noise,Cycles,DeepSleep,LenAdjust,Geo,"19:57"
"1524461065948","XXX/YYY","23. 04. 2018 10:54","23. 04. 2018 19:57","23. 04. 2018 19:57","9.050","0.0"
Id,Tz,From,To,Sched,Hours,Rating,Comment,Framerate,Snore,Noise,Cycles,DeepSleep,LenAdjust,Geo,"18:58"
"1524386905948","XXX/YYY","22. 04. 2018 14:18","22. 04. 2018 18:58","22. 04. 2018 18:58","4.670","0.0"
Id,Tz,From,To,Sched,Hours,Rating,Comment,Framerate,Snore,Noise,Cycles,DeepSleep,LenAdjust,Geo,"19:25"
"1524279296230","XXX/YYY","21. 04. 2018 8:24","21. 04. 2018 19:25","21. 04. 2018 19:25","11.010","0.0"
Id,Tz,From,To,Sched,Hours,Rating,Comment,Framerate,Snore,Noise,Cycles,DeepSleep,LenAdjust,Geo,"16:45"
"1524200305948","XXX/YYY","20. 04. 2018 10:28","20. 04. 2018 16:45","20. 04. 2018 16:45","6.280","0.0"
Id,Tz,From,To,Sched,Hours,Rating,Comment,Framerate,Snore,Noise,Cycles,DeepSleep,LenAdjust,Geo,"18:43"
"1524120505948","XXX/YYY","19. 04. 2018 12:18","19. 04. 2018 18:43","19. 04. 2018 18:43","6.420","0.0"
Id,Tz,From,To,Sched,Hours,Rating,Comment,Framerate,Snore,Noise,Cycles,DeepSleep,LenAdjust,Geo,"15:08"
"1524018325948","XXX/YYY","18. 04. 2018 7:55","18. 04. 2018 15:08","18. 04. 2018 15:08","7.220","0.0"
Id,Tz,From,To,Sched,Hours,Rating,Comment,Framerate,Snore,Noise,Cycles,DeepSleep,LenAdjust,Geo,"18:32"
"1523950778089","XXX/YYY","17. 04. 2018 13:09","17. 04. 2018 18:32","17. 04. 2018 18:32","5.380","0.0"
Id,Tz,From,To,Sched,Hours,Rating,Comment,Framerate,Snore,Noise,Cycles,DeepSleep,LenAdjust,Geo,"17:04"
"1523845954903","XXX/YYY","16. 04. 2018 8:02","16. 04. 2018 17:04","16. 04. 2018 17:04","9.030","0.0"
Id,Tz,From,To,Sched,Hours,Rating,Comment,Framerate,Snore,Noise,Cycles,DeepSleep,LenAdjust,Geo,"12:42"
"1523758819897","XXX/YYY","15. 04. 2018 7:50","15. 04. 2018 12:42","15. 04. 2018 12:42","4.870","0.0"
Id,Tz,From,To,Sched,Hours,Rating,Comment,Framerate,Snore,Noise,Cycles,DeepSleep,LenAdjust,Geo,"14:56"
"1523660158667","XXX/YYY","14. 04. 2018 4:25","14. 04. 2018 14:56","14. 04. 2018 14:56","10.510","0.0"
Id,Tz,From,To,Sched,Hours,Rating,Comment,Framerate,Snore,Noise,Cycles,DeepSleep,LenAdjust,Geo,"7:31"
"1523553969334","XXX/YYY","12. 04. 2018 22:56","13. 04. 2018 7:31","13. 04. 2018 7:31","8.600","0.0"
Id,Tz,From,To,Sched,Hours,Rating,Comment,Framerate,Snore,Noise,Cycles,DeepSleep,LenAdjust,Geo,"13:43"
"1523508118667","XXX/YYY","12. 04. 2018 10:11","12. 04. 2018 13:43","12. 04. 2018 13:43","3.530","0.0"
Id,Tz,From,To,Sched,Hours,Rating,Comment,Framerate,Snore,Noise,Cycles,DeepSleep,LenAdjust,Geo,"14:41"
"1523403838667","XXX/YYY","11. 04. 2018 5:13","11. 04. 2018 14:41","11. 04. 2018 14:41","9.460","0.0"
Id,Tz,From,To,Sched,Hours,Rating,Comment,Framerate,Snore,Noise,Cycles,DeepSleep,LenAdjust,Geo,"14:23"
"1523323378667","XXX/YYY","10. 04. 2018 6:52","10. 04. 2018 14:23","10. 04. 2018 14:23","7.510","0.0"
Id,Tz,From,To,Sched,Hours,Rating,Comment,Framerate,Snore,Noise,Cycles,DeepSleep,LenAdjust,Geo,"11:49"
"1523223518965","XXX/YYY","09. 04. 2018 3:08","09. 04. 2018 11:49","09. 04. 2018 11:49","8.680","0.0"
Id,Tz,From,To,Sched,Hours,Rating,Comment,Framerate,Snore,Noise,Cycles,DeepSleep,LenAdjust,Geo,"11:59"
"1523167858667","XXX/YYY","08. 04. 2018 11:40","08. 04. 2018 11:59","08. 04. 2018 11:59","0.310","0.0"
Id,Tz,From,To,Sched,Hours,Rating,Comment,Framerate,Snore,Noise,Cycles,DeepSleep,LenAdjust,Geo,"23:25"
"1523115938965","XXX/YYY","07. 04. 2018 21:15","07. 04. 2018 23:25","07. 04. 2018 23:25","2.170","0.0"
Id,Tz,From,To,Sched,Hours,Rating,Comment,Framerate,Snore,Noise,Cycles,DeepSleep,LenAdjust,Geo,"11:57"
"1523067898667","XXX/YYY","07. 04. 2018 7:54","07. 04. 2018 11:57","07. 04. 2018 11:57","4.040","0.0"
Id,Tz,From,To,Sched,Hours,Rating,Comment,Framerate,Snore,Noise,Cycles,DeepSleep,LenAdjust,Geo,"7:07"
"1523054798965","XXX/YYY","07. 04. 2018 4:16","07. 04. 2018 7:07","07. 04. 2018 7:07","2.850","0.0"
Id,Tz,From,To,Sched,Hours,Rating,Comment,Framerate,Snore,Noise,Cycles,DeepSleep,LenAdjust,Geo,"15:02"
"1522989238667","XXX/YYY","06. 04. 2018 10:03","06. 04. 2018 15:02","06. 04. 2018 15:02","4.980","0.0"
Id,Tz,From,To,Sched,Hours,Rating,Comment,Framerate,Snore,Noise,Cycles,DeepSleep,LenAdjust,Geo,"9:39"
"1522983778667","XXX/YYY","06. 04. 2018 8:32","06. 04. 2018 9:39","06. 04. 2018 9:39","1.110","0.0"
Id,Tz,From,To,Sched,Hours,Rating,Comment,Framerate,Snore,Noise,Cycles,DeepSleep,LenAdjust,Geo,"10:43"
"1522899993334","XXX/YYY","05. 04. 2018 9:16","05. 04. 2018 10:43","05. 04. 2018 10:43","1.450","0.0"
Id,Tz,From,To,Sched,Hours,Rating,Comment,Framerate,Snore,Noise,Cycles,DeepSleep,LenAdjust,Geo,"20:48"
"1522836964060","XXX/YYY","04. 04. 2018 15:46","04. 04. 2018 20:48","04. 04. 2018 20:48","5.030","0.0"
Id,Tz,From,To,Sched,Hours,Rating,Comment,Framerate,Snore,Noise,Cycles,DeepSleep,LenAdjust,Geo,"10:05"
"1522792754562","XXX/YYY","04. 04. 2018 3:29","04. 04. 2018 10:05","04. 04. 2018 10:05","6.600","0.0"
Id,Tz,From,To,Sched,Hours,Rating,Comment,Framerate,Snore,Noise,Cycles,DeepSleep,LenAdjust,Geo,"11:46"
"1522732269376","XXX/YYY","03. 04. 2018 10:41","03. 04. 2018 11:46","03. 04. 2018 11:46","1.090","0.0"
Id,Tz,From,To,Sched,Hours,Rating,Comment,Framerate,Snore,Noise,Cycles,DeepSleep,LenAdjust,Geo,"9:16"
"1522724469376","XXX/YYY","03. 04. 2018 8:31","03. 04. 2018 9:16","03. 04. 2018 9:16","0.760","0.0"
Id,Tz,From,To,Sched,Hours,Rating,Comment,Framerate,Snore,Noise,Cycles,DeepSleep,LenAdjust,Geo,"7:53"
"1522721109376","XXX/YYY","03. 04. 2018 7:35","03. 04. 2018 7:53","03. 04. 2018 7:53","0.310","0.0"
Id,Tz,From,To,Sched,Hours,Rating,Comment,Framerate,Snore,Noise,Cycles,DeepSleep,LenAdjust,Geo,"7:25"
"1522717509376","XXX/YYY","03. 04. 2018 6:35","03. 04. 2018 7:25","03. 04. 2018 7:25","0.840","0.0"
Id,Tz,From,To,Sched,Hours,Rating,Comment,Framerate,Snore,Noise,Cycles,DeepSleep,LenAdjust,Geo,"21:42"
"1522676409376","XXX/YYY","02. 04. 2018 19:10","02. 04. 2018 21:42","02. 04. 2018 21:42","2.540","0.0"
Id,Tz,From,To,Sched,Hours,Rating,Comment,Framerate,Snore,Noise,Cycles,DeepSleep,LenAdjust,Geo,"13:21"
"1522654509376","XXX/YYY","02. 04. 2018 13:05","02. 04. 2018 13:21","02. 04. 2018 13:21","0.270","0.0"
Id,Tz,From,To,Sched,Hours,Rating,Comment,Framerate,Snore,Noise,Cycles,DeepSleep,LenAdjust,Geo,"7:49"
"1522631229376","XXX/YYY","02. 04. 2018 6:37","02. 04. 2018 7:49","02. 04. 2018 7:49","1.210","0.0"
Id,Tz,From,To,Sched,Hours,Rating,Comment,Framerate,Snore,Noise,Cycles,DeepSleep,LenAdjust,Geo,"11:03"
"1522542298772","XXX/YYY","01. 04. 2018 5:54","01. 04. 2018 11:03","01. 04. 2018 11:03","5.150","0.0"
Id,Tz,From,To,Sched,Hours,Rating,Comment,Framerate,Snore,Noise,Cycles,DeepSleep,LenAdjust,Geo,"14:30"
"1522477984639","XXX/YYY","31. 03. 2018 12:03","31. 03. 2018 14:30","31. 03. 2018 14:30","2.450","0.0"
Id,Tz,From,To,Sched,Hours,Rating,Comment,Framerate,Snore,Noise,Cycles,DeepSleep,LenAdjust,Geo,"8:29"
"1522447947398","XXX/YYY","31. 03. 2018 3:42","31. 03. 2018 8:29","31. 03. 2018 8:29","4.790","0.0"
Id,Tz,From,To,Sched,Hours,Rating,Comment,Framerate,Snore,Noise,Cycles,DeepSleep,LenAdjust,Geo,"12:40"
"1522389305025","XXX/YYY","30. 03. 2018 11:25","30. 03. 2018 12:40","30. 03. 2018 12:40","1.260","0.0"
Id,Tz,From,To,Sched,Hours,Rating,Comment,Framerate,Snore,Noise,Cycles,DeepSleep,LenAdjust,Geo,"11:09"
"1522376136068","XXX/YYY","30. 03. 2018 7:45","30. 03. 2018 11:09","30. 03. 2018 11:09","3.400","0.0"
Id,Tz,From,To,Sched,Hours,Rating,Comment,Framerate,Snore,Noise,Cycles,DeepSleep,LenAdjust,Geo,"17:59"
"1522324532977","XXX/YYY","29. 03. 2018 17:25","29. 03. 2018 17:59","29. 03. 2018 17:59","0.570","0.0"
Id,Tz,From,To,Sched,Hours,Rating,Comment,Framerate,Snore,Noise,Cycles,DeepSleep,LenAdjust,Geo,"17:08"
"1522317176610","XXX/YYY","29. 03. 2018 15:22","29. 03. 2018 17:08","29. 03. 2018 17:08","1.770","0.0"
Id,Tz,From,To,Sched,Hours,Rating,Comment,Framerate,Snore,Noise,Cycles,DeepSleep,LenAdjust,Geo,"15:11"
"1522313161759","XXX/YYY","29. 03. 2018 14:16","29. 03. 2018 15:11","29. 03. 2018 15:11","0.930","0.0"
Id,Tz,From,To,Sched,Hours,Rating,Comment,Framerate,Snore,Noise,Cycles,DeepSleep,LenAdjust,Geo,"14:08"
"1522303842464","XXX/YYY","29. 03. 2018 11:40","29. 03. 2018 14:08","29. 03. 2018 14:08","2.470","0.0"
Id,Tz,From,To,Sched,Hours,Rating,Comment,Framerate,Snore,Noise,Cycles,DeepSleep,LenAdjust,Geo,"7:51"
"1522188381216","XXX/YYY","28. 03. 2018 3:36","28. 03. 2018 7:51","28. 03. 2018 7:51","4.260","0.0"
Id,Tz,From,To,Sched,Hours,Rating,Comment,Framerate,Snore,Noise,Cycles,DeepSleep,LenAdjust,Geo,"3:25"
"1522185080681","XXX/YYY","28. 03. 2018 2:41","28. 03. 2018 3:25","28. 03. 2018 3:25","0.740","0.0"
Id,Tz,From,To,Sched,Hours,Rating,Comment,Framerate,Snore,Noise,Cycles,DeepSleep,LenAdjust,Geo,"1:08"
"1522170697453","XXX/YYY","27. 03. 2018 22:41","28. 03. 2018 1:08","28. 03. 2018 1:08","2.460","0.0"
Id,Tz,From,To,Sched,Hours,Rating,Comment,Framerate,Snore,Noise,Cycles,DeepSleep,LenAdjust,Geo,"12:29"
"1522133267482","XXX/YYY","27. 03. 2018 12:17","27. 03. 2018 12:29","27. 03. 2018 12:29","0.200","0.0"
Id,Tz,From,To,Sched,Hours,Rating,Comment,Framerate,Snore,Noise,Cycles,DeepSleep,LenAdjust,Geo,"11:56"
"1522130213295","XXX/YYY","27. 03. 2018 11:26","27. 03. 2018 11:56","27. 03. 2018 11:56","0.500","0.0"
Id,Tz,From,To,Sched,Hours,Rating,Comment,Framerate,Snore,Noise,Cycles,DeepSleep,LenAdjust,Geo,"11:56"
"1522023340824","XXX/YYY","26. 03. 2018 5:45","26. 03. 2018 11:56","26. 03. 2018 11:56","6.180","0.0"
Id,Tz,From,To,Sched,Hours,Rating,Comment,Framerate,Snore,Noise,Cycles,DeepSleep,LenAdjust,Geo,"4:03"
"1521993640824","XXX/YYY","25. 03. 2018 21:30","26. 03. 2018 4:03","26. 03. 2018 4:03","6.550","0.0"
Id,Tz,From,To,Sched,Hours,Rating,Comment,Framerate,Snore,Noise,Cycles,DeepSleep,LenAdjust,Geo,"11:53"
"1521958524705","XXX/YYY","25. 03. 2018 11:45","25. 03. 2018 11:53","25. 03. 2018 11:53","0.140","0.0"
Id,Tz,From,To,Sched,Hours,Rating,Comment,Framerate,Snore,Noise,Cycles,DeepSleep,LenAdjust,Geo,"11:38"
"1521953773764","XXX/YYY","25. 03. 2018 10:26","25. 03. 2018 11:38","25. 03. 2018 11:38","1.210","0.0"
Id,Tz,From,To,Sched,Hours,Rating,Comment,Framerate,Snore,Noise,Cycles,DeepSleep,LenAdjust,Geo,"7:44"
"1521934558772","XXX/YYY","25. 03. 2018 5:05","25. 03. 2018 7:44","25. 03. 2018 7:44","2.650","0.0"
Id,Tz,From,To,Sched,Hours,Rating,Comment,Framerate,Snore,Noise,Cycles,DeepSleep,LenAdjust,Geo,"0:57"
"1521918662369","XXX/YYY","25. 03. 2018 0:41","25. 03. 2018 0:57","25. 03. 2018 0:57","0.280","0.0"
Id,Tz,From,To,Sched,Hours,Rating,Comment,Framerate,Snore,Noise,Cycles,DeepSleep,LenAdjust,Geo,"12:03"
"1521870215408","XXX/YYY","24. 03. 2018 11:13","24. 03. 2018 12:03","24. 03. 2018 12:03","0.840","0.0"
Id,Tz,From,To,Sched,Hours,Rating,Comment,Framerate,Snore,Noise,Cycles,DeepSleep,LenAdjust,Geo,"11:08"
"1521865759815","XXX/YYY","24. 03. 2018 9:59","24. 03. 2018 11:08","24. 03. 2018 11:08","1.160","0.0"
Id,Tz,From,To,Sched,Hours,Rating,Comment,Framerate,Snore,Noise,Cycles,DeepSleep,LenAdjust,Geo,"1:42"
"1521824940509","XXX/YYY","23. 03. 2018 22:39","24. 03. 2018 1:42","24. 03. 2018 1:42","3.070","0.0"
Id,Tz,From,To,Sched,Hours,Rating,Comment,Framerate,Snore,Noise,Cycles,DeepSleep,LenAdjust,Geo,"15:15"
"1521413784139","XXX/YYY","19. 03. 2018 4:26","19. 03. 2018 15:15","19. 03. 2018 15:15","10.820","0.0"
Id,Tz,From,To,Sched,Hours,Rating,Comment,Framerate,Snore,Noise,Cycles,DeepSleep,LenAdjust,Geo,"14:24"
"1521339248807","XXX/YYY","18. 03. 2018 7:44","18. 03. 2018 14:24","18. 03. 2018 14:24","6.660","0.0"
Id,Tz,From,To,Sched,Hours,Rating,Comment,Framerate,Snore,Noise,Cycles,DeepSleep,LenAdjust,Geo,"12:52"
"1521242458775","XXX/YYY","17. 03. 2018 4:50","17. 03. 2018 12:52","17. 03. 2018 12:52","8.030","0.0"
Id,Tz,From,To,Sched,Hours,Rating,Comment,Framerate,Snore,Noise,Cycles,DeepSleep,LenAdjust,Geo,"13:57"
"1521175347855","XXX/YYY","16. 03. 2018 10:12","16. 03. 2018 13:57","16. 03. 2018 13:57","3.740","0.0"
Id,Tz,From,To,Sched,Hours,Rating,Comment,Framerate,Snore,Noise,Cycles,DeepSleep,LenAdjust,Geo,"12:23"
"1521070448664","XXX/YYY","15. 03. 2018 5:04","15. 03. 2018 12:23","15. 03. 2018 12:23","7.320","0.0"
Id,Tz,From,To,Sched,Hours,Rating,Comment,Framerate,Snore,Noise,Cycles,DeepSleep,LenAdjust,Geo,"14:08"
"1520981486757","XXX/YYY","14. 03. 2018 4:21","14. 03. 2018 14:08","14. 03. 2018 14:08","9.780","0.0"
Id,Tz,From,To,Sched,Hours,Rating,Comment,Framerate,Snore,Noise,Cycles,DeepSleep,LenAdjust,Geo,"10:04"
"1520895426856","XXX/YYY","13. 03. 2018 4:27","13. 03. 2018 10:04","13. 03. 2018 10:04","5.620","0.0"
Id,Tz,From,To,Sched,Hours,Rating,Comment,Framerate,Snore,Noise,Cycles,DeepSleep,LenAdjust,Geo,"22:06"
"1520867727505","XXX/YYY","12. 03. 2018 20:45","12. 03. 2018 22:06","12. 03. 2018 22:06","1.350","0.0"
Id,Tz,From,To,Sched,Hours,Rating,Comment,Framerate,Snore,Noise,Cycles,DeepSleep,LenAdjust,Geo,"13:15"
"1520826845111","XXX/YYY","12. 03. 2018 9:24","12. 03. 2018 13:15","12. 03. 2018 13:15","3.860","0.0"
Id,Tz,From,To,Sched,Hours,Rating,Comment,Framerate,Snore,Noise,Cycles,DeepSleep,LenAdjust,Geo,"21:05"
"1520773505111","XXX/YYY","11. 03. 2018 18:35","11. 03. 2018 21:05","11. 03. 2018 21:05","2.510","0.0"
Id,Tz,From,To,Sched,Hours,Rating,Comment,Framerate,Snore,Noise,Cycles,DeepSleep,LenAdjust,Geo,"14:13"
"1520712758495","XXX/YYY","11. 03. 2018 1:42","11. 03. 2018 14:13","11. 03. 2018 14:13","12.520","0.0"
Id,Tz,From,To,Sched,Hours,Rating,Comment,Framerate,Snore,Noise,Cycles,DeepSleep,LenAdjust,Geo,"12:35"
"1520665227930","XXX/YYY","10. 03. 2018 12:30","10. 03. 2018 12:35","10. 03. 2018 12:35","0.080","0.0"
Id,Tz,From,To,Sched,Hours,Rating,Comment,Framerate,Snore,Noise,Cycles,DeepSleep,LenAdjust,Geo,"17:18"
"1520568447048","XXX/YYY","09. 03. 2018 9:37","09. 03. 2018 17:18","09. 03. 2018 17:18","7.680","0.0"
Id,Tz,From,To,Sched,Hours,Rating,Comment,Framerate,Snore,Noise,Cycles,DeepSleep,LenAdjust,Geo,"13:12"
"1520467367503","XXX/YYY","08. 03. 2018 5:32","08. 03. 2018 13:12","08. 03. 2018 13:12","7.670","0.0"
Id,Tz,From,To,Sched,Hours,Rating,Comment,Framerate,Snore,Noise,Cycles,DeepSleep,LenAdjust,Geo,"15:15"
"1520389766615","XXX/YYY","07. 03. 2018 7:59","07. 03. 2018 15:15","07. 03. 2018 15:15","7.270","0.0"
Id,Tz,From,To,Sched,Hours,Rating,Comment,Framerate,Snore,Noise,Cycles,DeepSleep,LenAdjust,Geo,"12:15"
"1520297458678","XXX/YYY","06. 03. 2018 6:20","06. 03. 2018 12:15","06. 03. 2018 12:15","5.920","0.0"
Id,Tz,From,To,Sched,Hours,Rating,Comment,Framerate,Snore,Noise,Cycles,DeepSleep,LenAdjust,Geo,"10:32"
"1520196374717","XXX/YYY","05. 03. 2018 2:16","05. 03. 2018 10:32","05. 03. 2018 10:32","8.270","0.0"
Id,Tz,From,To,Sched,Hours,Rating,Comment,Framerate,Snore,Noise,Cycles,DeepSleep,LenAdjust,Geo,"12:07"
"1520125267989","XXX/YYY","04. 03. 2018 6:31","04. 03. 2018 12:07","04. 03. 2018 12:07","5.600","0.0"
Id,Tz,From,To,Sched,Hours,Rating,Comment,Framerate,Snore,Noise,Cycles,DeepSleep,LenAdjust,Geo,"9:00"
"1520029741830","XXX/YYY","03. 03. 2018 3:59","03. 03. 2018 9:00","03. 03. 2018 9:00","5.020","0.0"
Id,Tz,From,To,Sched,Hours,Rating,Comment,Framerate,Snore,Noise,Cycles,DeepSleep,LenAdjust,Geo,"4:55"
"1519923885840","XXX/YYY","01. 03. 2018 22:34","02. 03. 2018 4:55","02. 03. 2018 4:55","6.350","0.0"
Id,Tz,From,To,Sched,Hours,Rating,Comment,Framerate,Snore,Noise,Cycles,DeepSleep,LenAdjust,Geo,"10:42"
"1519868265840","XXX/YYY","01. 03. 2018 7:07","01. 03. 2018 10:42","01. 03. 2018 10:42","3.570","0.0"
Id,Tz,From,To,Sched,Hours,Rating,Comment,Framerate,Snore,Noise,Cycles,DeepSleep,LenAdjust,Geo,"17:26"
"1519799791169","XXX/YYY","28. 02. 2018 12:06","28. 02. 2018 17:26","28. 02. 2018 17:26","5.330","0.0"
Id,Tz,From,To,Sched,Hours,Rating,Comment,Framerate,Snore,Noise,Cycles,DeepSleep,LenAdjust,Geo,"13:41"
"1519687651697","XXX/YYY","27. 02. 2018 4:57","27. 02. 2018 13:41","27. 02. 2018 13:41","8.730","0.0"
Id,Tz,From,To,Sched,Hours,Rating,Comment,Framerate,Snore,Noise,Cycles,DeepSleep,LenAdjust,Geo,"13:02"
"1519614014764","XXX/YYY","26. 02. 2018 8:30","26. 02. 2018 13:02","26. 02. 2018 13:02","4.540","0.0"
Id,Tz,From,To,Sched,Hours,Rating,Comment,Framerate,Snore,Noise,Cycles,DeepSleep,LenAdjust,Geo,"17:57"
"1519545821126","XXX/YYY","25. 02. 2018 13:33","25. 02. 2018 17:57","25. 02. 2018 17:57","4.400","0.0"
Id,Tz,From,To,Sched,Hours,Rating,Comment,Framerate,Snore,Noise,Cycles,DeepSleep,LenAdjust,Geo,"13:00"
"1519537828269","XXX/YYY","25. 02. 2018 11:20","25. 02. 2018 13:00","25. 02. 2018 13:00","1.670","0.0"
Id,Tz,From,To,Sched,Hours,Rating,Comment,Framerate,Snore,Noise,Cycles,DeepSleep,LenAdjust,Geo,"22:56"
"1519479059909","XXX/YYY","24. 02. 2018 19:00","24. 02. 2018 22:56","24. 02. 2018 22:56","3.930","0.0"
Id,Tz,From,To,Sched,Hours,Rating,Comment,Framerate,Snore,Noise,Cycles,DeepSleep,LenAdjust,Geo,"8:36"
"1519433675279","XXX/YYY","24. 02. 2018 6:24","24. 02. 2018 8:36","24. 02. 2018 8:36","2.200","0.0"
Id,Tz,From,To,Sched,Hours,Rating,Comment,Framerate,Snore,Noise,Cycles,DeepSleep,LenAdjust,Geo,"20:43"
"1519380829116","XXX/YYY","23. 02. 2018 15:43","23. 02. 2018 20:43","23. 02. 2018 20:43","5.000","0.0"
Id,Tz,From,To,Sched,Hours,Rating,Comment,Framerate,Snore,Noise,Cycles,DeepSleep,LenAdjust,Geo,"13:58"
"1519355778556","XXX/YYY","23. 02. 2018 8:46","23. 02. 2018 13:58","23. 02. 2018 13:58","5.200","0.0"
Id,Tz,From,To,Sched,Hours,Rating,Comment,Framerate,Snore,Noise,Cycles,DeepSleep,LenAdjust,Geo,"13:37"
"1519272009111","XXX/YYY","22. 02. 2018 9:30","22. 02. 2018 13:37","22. 02. 2018 13:37","4.120","0.0"
Id,Tz,From,To,Sched,Hours,Rating,Comment,Framerate,Snore,Noise,Cycles,DeepSleep,LenAdjust,Geo,"22:19"
"1519221429839","XXX/YYY","21. 02. 2018 19:27","21. 02. 2018 22:19","21. 02. 2018 22:19","2.870","0.0"
Id,Tz,From,To,Sched,Hours,Rating,Comment,Framerate,Snore,Noise,Cycles,DeepSleep,LenAdjust,Geo,"9:33"
"1519172706486","XXX/YYY","21. 02. 2018 5:55","21. 02. 2018 9:33","21. 02. 2018 9:33","3.630","0.0"
Id,Tz,From,To,Sched,Hours,Rating,Comment,Framerate,Snore,Noise,Cycles,DeepSleep,LenAdjust,Geo,"13:15"
"1519088701112","XXX/YYY","20. 02. 2018 6:35","20. 02. 2018 13:15","20. 02. 2018 13:15","6.670","0.0"
Id,Tz,From,To,Sched,Hours,Rating,Comment,Framerate,Snore,Noise,Cycles,DeepSleep,LenAdjust,Geo,"20:35"
"1519050852036","XXX/YYY","19. 02. 2018 20:04","19. 02. 2018 20:35","19. 02. 2018 20:35","0.520","0.0"
Id,Tz,From,To,Sched,Hours,Rating,Comment,Framerate,Snore,Noise,Cycles,DeepSleep,LenAdjust,Geo,"16:36"
"1519021147934","XXX/YYY","19. 02. 2018 11:49","19. 02. 2018 16:36","19. 02. 2018 16:36","4.780","0.0"
Id,Tz,From,To,Sched,Hours,Rating,Comment,Framerate,Snore,Noise,Cycles,DeepSleep,LenAdjust,Geo,"12:34"
"1518915550267","XXX/YYY","18. 02. 2018 6:29","18. 02. 2018 12:34","18. 02. 2018 12:34","6.080","0.0"
Id,Tz,From,To,Sched,Hours,Rating,Comment,Framerate,Snore,Noise,Cycles,DeepSleep,LenAdjust,Geo,"11:31"
"1518828031337","XXX/YYY","17. 02. 2018 6:10","17. 02. 2018 11:31","17. 02. 2018 11:31","5.350","0.0"
Id,Tz,From,To,Sched,Hours,Rating,Comment,Framerate,Snore,Noise,Cycles,DeepSleep,LenAdjust,Geo,"11:14"
"1518739873373","XXX/YYY","16. 02. 2018 5:41","16. 02. 2018 11:14","16. 02. 2018 11:14","5.550","0.0"
Id,Tz,From,To,Sched,Hours,Rating,Comment,Framerate,Snore,Noise,Cycles,DeepSleep,LenAdjust,Geo,"14:13"
"1518658205631","XXX/YYY","15. 02. 2018 7:00","15. 02. 2018 14:13","15. 02. 2018 14:13","7.220","0.0"
Id,Tz,From,To,Sched,Hours,Rating,Comment,Framerate,Snore,Noise,Cycles,DeepSleep,LenAdjust,Geo,"9:58"
"1518556089498","XXX/YYY","14. 02. 2018 2:38","14. 02. 2018 9:58","14. 02. 2018 9:58","7.330","0.0"
Id,Tz,From,To,Sched,Hours,Rating,Comment,Framerate,Snore,Noise,Cycles,DeepSleep,LenAdjust,Geo,"11:46"
"1518478616616","XXX/YYY","13. 02. 2018 5:06","13. 02. 2018 11:46","13. 02. 2018 11:46","6.670","0.0"
Id,Tz,From,To,Sched,Hours,Rating,Comment,Framerate,Snore,Noise,Cycles,DeepSleep,LenAdjust,Geo,"11:45"
"1518397247451","XXX/YYY","12. 02. 2018 6:30","12. 02. 2018 11:45","12. 02. 2018 11:45","5.250","0.0"
Id,Tz,From,To,Sched,Hours,Rating,Comment,Framerate,Snore,Noise,Cycles,DeepSleep,LenAdjust,Geo,"13:02"
"1518296447271","XXX/YYY","11. 02. 2018 2:30","11. 02. 2018 13:02","11. 02. 2018 13:02","10.530","0.0"
Id,Tz,From,To,Sched,Hours,Rating,Comment,Framerate,Snore,Noise,Cycles,DeepSleep,LenAdjust,Geo,"9:15"
"1518209146430","XXX/YYY","10. 02. 2018 2:15","10. 02. 2018 9:15","10. 02. 2018 9:15","7.000","0.0"
Id,Tz,From,To,Sched,Hours,Rating,Comment,Framerate,Snore,Noise,Cycles,DeepSleep,LenAdjust,Geo,"15:50"
"1518148821592","XXX/YYY","09. 02. 2018 9:30","09. 02. 2018 15:50","09. 02. 2018 15:50","6.330","0.0"
Id,Tz,From,To,Sched,Hours,Rating,Comment,Framerate,Snore,Noise,Cycles,DeepSleep,LenAdjust,Geo,"17:20"
"1518061835670","XXX/YYY","08. 02. 2018 9:20","08. 02. 2018 17:20","08. 02. 2018 17:20","8.000","0.0"
Id,Tz,From,To,Sched,Hours,Rating,Comment,Framerate,Snore,Noise,Cycles,DeepSleep,LenAdjust,Geo,"11:25"
"1517952614710","XXX/YYY","07. 02. 2018 3:00","07. 02. 2018 11:25","07. 02. 2018 11:25","8.420","0.0"
Id,Tz,From,To,Sched,Hours,Rating,Comment,Framerate,Snore,Noise,Cycles,DeepSleep,LenAdjust,Geo,"12:10"
"1517881835398","XXX/YYY","06. 02. 2018 7:20","06. 02. 2018 12:10","06. 02. 2018 12:10","4.830","0.0"
Id,Tz,From,To,Sched,Hours,Rating,Comment,Framerate,Snore,Noise,Cycles,DeepSleep,LenAdjust,Geo,"23:30"
"1517842230697","XXX/YYY","05. 02. 2018 20:20","05. 02. 2018 23:30","05. 02. 2018 23:30","3.170","0.0"
Id,Tz,From,To,Sched,Hours,Rating,Comment,Framerate,Snore,Noise,Cycles,DeepSleep,LenAdjust,Geo,"10:45"
"1517788231047","XXX/YYY","05. 02. 2018 5:20","05. 02. 2018 10:45","05. 02. 2018 10:45","5.420","0.0"
Id,Tz,From,To,Sched,Hours,Rating,Comment,Framerate,Snore,Noise,Cycles,DeepSleep,LenAdjust,Geo,"9:40"
"1517687731047","XXX/YYY","04. 02. 2018 1:25","04. 02. 2018 9:40","04. 02. 2018 9:40","8.250","0.0"
Id,Tz,From,To,Sched,Hours,Rating,Comment,Framerate,Snore,Noise,Cycles,DeepSleep,LenAdjust,Geo,"7:20"
"1517601248299","XXX/YYY","03. 02. 2018 1:24","03. 02. 2018 7:20","03. 02. 2018 7:20","5.940","0.0"
Id,Tz,From,To,Sched,Hours,Rating,Comment,Framerate,Snore,Noise,Cycles,DeepSleep,LenAdjust,Geo,"9:48"
"1517513331968","XXX/YYY","02. 02. 2018 0:58","02. 02. 2018 9:48","02. 02. 2018 9:48","8.830","0.0"
Id,Tz,From,To,Sched,Hours,Rating,Comment,Framerate,Snore,Noise,Cycles,DeepSleep,LenAdjust,Geo,"11:02"
"1517444311047","XXX/YYY","01. 02. 2018 5:48","01. 02. 2018 11:02","01. 02. 2018 11:02","5.230","0.0"
Id,Tz,From,To,Sched,Hours,Rating,Comment,Framerate,Snore,Noise,Cycles,DeepSleep,LenAdjust,Geo,"14:05"
"1517356803143","XXX/YYY","31. 01. 2018 5:30","31. 01. 2018 14:05","31. 01. 2018 14:05","8.590","0.0"
Id,Tz,From,To,Sched,Hours,Rating,Comment,Framerate,Snore,Noise,Cycles,DeepSleep,LenAdjust,Geo,"10:40"
"1517272540218","XXX/YYY","30. 01. 2018 6:05","30. 01. 2018 10:40","30. 01. 2018 10:40","4.580","0.0"
Id,Tz,From,To,Sched,Hours,Rating,Comment,Framerate,Snore,Noise,Cycles,DeepSleep,LenAdjust,Geo,"7:38"
"1517157584550","XXX/YYY","28. 01. 2018 22:09","29. 01. 2018 7:38","29. 01. 2018 7:38","9.480","0.0"
Id,Tz,From,To,Sched,Hours,Rating,Comment,Framerate,Snore,Noise,Cycles,DeepSleep,LenAdjust,Geo,"7:38"
"1517080346533","XXX/YYY","28. 01. 2018 0:42","28. 01. 2018 7:38","28. 01. 2018 7:38","6.930","0.0"
Id,Tz,From,To,Sched,Hours,Rating,Comment,Framerate,Snore,Noise,Cycles,DeepSleep,LenAdjust,Geo,"6:05"
"1516990111047","XXX/YYY","26. 01. 2018 23:38","27. 01. 2018 6:05","27. 01. 2018 6:05","6.450","0.0"
Id,Tz,From,To,Sched,Hours,Rating,Comment,Framerate,Snore,Noise,Cycles,DeepSleep,LenAdjust,Geo,"4:59"
"1516887871047","XXX/YYY","25. 01. 2018 19:14","26. 01. 2018 4:59","26. 01. 2018 4:59","9.750","0.0"
Id,Tz,From,To,Sched,Hours,Rating,Comment,Framerate,Snore,Noise,Cycles,DeepSleep,LenAdjust,Geo,"4:30"
"1516811970836","XXX/YYY","24. 01. 2018 22:09","25. 01. 2018 4:30","25. 01. 2018 4:30","6.350","0.0"
Id,Tz,From,To,Sched,Hours,Rating,Comment,Framerate,Snore,Noise,Cycles,DeepSleep,LenAdjust,Geo,"10:25"
"1516741591047","XXX/YYY","24. 01. 2018 2:36","24. 01. 2018 10:25","24. 01. 2018 10:25","7.820","0.0"
Id,Tz,From,To,Sched,Hours,Rating,Comment,Framerate,Snore,Noise,Cycles,DeepSleep,LenAdjust,Geo,"19:29"
"1516703701572","XXX/YYY","23. 01. 2018 16:05","23. 01. 2018 19:29","23. 01. 2018 19:29","3.410","0.0"
Id,Tz,From,To,Sched,Hours,Rating,Comment,Framerate,Snore,Noise,Cycles,DeepSleep,LenAdjust,Geo,"23:23"
"1516625417913","XXX/YYY","22. 01. 2018 18:20","22. 01. 2018 23:23","22. 01. 2018 23:23","5.050","0.0"
Id,Tz,From,To,Sched,Hours,Rating,Comment,Framerate,Snore,Noise,Cycles,DeepSleep,LenAdjust,Geo,"0:29"
"1516526375628","XXX/YYY","21. 01. 2018 14:49","22. 01. 2018 0:29","22. 01. 2018 0:29","9.670","0.0"
Id,Tz,From,To,Sched,Hours,Rating,Comment,Framerate,Snore,Noise,Cycles,DeepSleep,LenAdjust,Geo,"0:35"
"1516457715275","XXX/YYY","20. 01. 2018 19:45","21. 01. 2018 0:35","21. 01. 2018 0:35","4.840","0.0"
Id,Tz,From,To,Sched,Hours,Rating,Comment,Framerate,Snore,Noise,Cycles,DeepSleep,LenAdjust,Geo,"6:02"
"1516383451047","XXX/YYY","19. 01. 2018 23:07","20. 01. 2018 6:02","20. 01. 2018 6:02","6.920","0.0"
Id,Tz,From,To,Sched,Hours,Rating,Comment,Framerate,Snore,Noise,Cycles,DeepSleep,LenAdjust,Geo,"16:10"
"1516353344939","XXX/YYY","19. 01. 2018 14:45","19. 01. 2018 16:10","19. 01. 2018 16:10","1.410","0.0"
Id,Tz,From,To,Sched,Hours,Rating,Comment,Framerate,Snore,Noise,Cycles,DeepSleep,LenAdjust,Geo,"13:56"
"1516348351047","XXX/YYY","19. 01. 2018 13:22","19. 01. 2018 13:56","19. 01. 2018 13:56","0.570","0.0"
Id,Tz,From,To,Sched,Hours,Rating,Comment,Framerate,Snore,Noise,Cycles,DeepSleep,LenAdjust,Geo,"11:56"
"1516342711047","XXX/YYY","19. 01. 2018 11:48","19. 01. 2018 11:56","19. 01. 2018 11:56","0.130","0.0"
Id,Tz,From,To,Sched,Hours,Rating,Comment,Framerate,Snore,Noise,Cycles,DeepSleep,LenAdjust,Geo,"16:27"
"1516259131047","XXX/YYY","18. 01. 2018 12:35","18. 01. 2018 16:27","18. 01. 2018 16:27","3.870","0.0"
Id,Tz,From,To,Sched,Hours,Rating,Comment,Framerate,Snore,Noise,Cycles,DeepSleep,LenAdjust,Geo,"20:37"
"1516173931047","XXX/YYY","17. 01. 2018 12:55","17. 01. 2018 20:37","17. 01. 2018 20:37","7.700","0.0"
Id,Tz,From,To,Sched,Hours,Rating,Comment,Framerate,Snore,Noise,Cycles,DeepSleep,LenAdjust,Geo,"18:51"
"1516083031047","XXX/YYY","16. 01. 2018 11:40","16. 01. 2018 18:51","16. 01. 2018 18:51","7.180","0.0"
Id,Tz,From,To,Sched,Hours,Rating,Comment,Framerate,Snore,Noise,Cycles,DeepSleep,LenAdjust,Geo,"14:07"
"1515993691047","XXX/YYY","15. 01. 2018 10:51","15. 01. 2018 14:07","15. 01. 2018 14:07","3.270","0.0"
Id,Tz,From,To,Sched,Hours,Rating,Comment,Framerate,Snore,Noise,Cycles,DeepSleep,LenAdjust,Geo,"20:22"
"1515925531047","XXX/YYY","14. 01. 2018 15:55","14. 01. 2018 20:22","14. 01. 2018 20:22","4.450","0.0"
Id,Tz,From,To,Sched,Hours,Rating,Comment,Framerate,Snore,Noise,Cycles,DeepSleep,LenAdjust,Geo,"20:42"
"1515854011047","XXX/YYY","13. 01. 2018 20:03","13. 01. 2018 20:42","13. 01. 2018 20:42","0.650","0.0"
Id,Tz,From,To,Sched,Hours,Rating,Comment,Framerate,Snore,Noise,Cycles,DeepSleep,LenAdjust,Geo,"12:28"
"1515824071047","XXX/YYY","13. 01. 2018 11:44","13. 01. 2018 12:28","13. 01. 2018 12:28","0.730","0.0"
Id,Tz,From,To,Sched,Hours,Rating,Comment,Framerate,Snore,Noise,Cycles,DeepSleep,LenAdjust,Geo,"13:52"
"1515730531047","XXX/YYY","12. 01. 2018 9:45","12. 01. 2018 13:52","12. 01. 2018 13:52","4.120","0.0"
Id,Tz,From,To,Sched,Hours,Rating,Comment,Framerate,Snore,Noise,Cycles,DeepSleep,LenAdjust,Geo,"1:00"
"1515674551047","XXX/YYY","11. 01. 2018 18:12","12. 01. 2018 1:00","12. 01. 2018 1:00","6.800","0.0"
Id,Tz,From,To,Sched,Hours,Rating,Comment,Framerate,Snore,Noise,Cycles,DeepSleep,LenAdjust,Geo,"19:34"
"1515581731047","XXX/YYY","10. 01. 2018 16:25","10. 01. 2018 19:34","10. 01. 2018 19:34","3.150","0.0"
Id,Tz,From,To,Sched,Hours,Rating,Comment,Framerate,Snore,Noise,Cycles,DeepSleep,LenAdjust,Geo,"3:47"
"1515521131047","XXX/YYY","09. 01. 2018 23:35","10. 01. 2018 3:47","10. 01. 2018 3:47","4.200","0.0"
Id,Tz,From,To,Sched,Hours,Rating,Comment,Framerate,Snore,Noise,Cycles,DeepSleep,LenAdjust,Geo,"15:50"
"1515462871047","XXX/YYY","09. 01. 2018 7:24","09. 01. 2018 15:50","09. 01. 2018 15:50","8.430","0.0"
Id,Tz,From,To,Sched,Hours,Rating,Comment,Framerate,Snore,Noise,Cycles,DeepSleep,LenAdjust,Geo,"17:51"
"1515393991047","XXX/YYY","08. 01. 2018 12:16","08. 01. 2018 17:51","08. 01. 2018 17:51","5.580","0.0"
Id,Tz,From,To,Sched,Hours,Rating,Comment,Framerate,Snore,Noise,Cycles,DeepSleep,LenAdjust,Geo,"21:13"
"1515305491047","XXX/YYY","07. 01. 2018 11:41","07. 01. 2018 21:13","07. 01. 2018 21:13","9.530","0.0"
Id,Tz,From,To,Sched,Hours,Rating,Comment,Framerate,Snore,Noise,Cycles,DeepSleep,LenAdjust,Geo,"15:32"
"1515217695842","XXX/YYY","06. 01. 2018 11:18","06. 01. 2018 15:32","06. 01. 2018 15:32","4.240","0.0"
Id,Tz,From,To,Sched,Hours,Rating,Comment,Framerate,Snore,Noise,Cycles,DeepSleep,LenAdjust,Geo,"12:17"
"1515113071047","XXX/YYY","05. 01. 2018 6:14","05. 01. 2018 12:17","05. 01. 2018 12:17","6.050","0.0"
Id,Tz,From,To,Sched,Hours,Rating,Comment,Framerate,Snore,Noise,Cycles,DeepSleep,LenAdjust,Geo,"13:00"
"1515025951047","XXX/YYY","04. 01. 2018 6:02","04. 01. 2018 13:00","04. 01. 2018 13:00","6.970","0.0"
Id,Tz,From,To,Sched,Hours,Rating,Comment,Framerate,Snore,Noise,Cycles,DeepSleep,LenAdjust,Geo,"13:50"
"1514934275272","XXX/YYY","03. 01. 2018 4:34","03. 01. 2018 13:50","03. 01. 2018 13:50","9.270","0.0"
Id,Tz,From,To,Sched,Hours,Rating,Comment,Framerate,Snore,Noise,Cycles,DeepSleep,LenAdjust,Geo,"19:30"
"1514874937922","XXX/YYY","02. 01. 2018 12:05","02. 01. 2018 19:30","02. 01. 2018 19:30","7.420","0.0"
Id,Tz,From,To,Sched,Hours,Rating,Comment,Framerate,Snore,Noise,Cycles,DeepSleep,LenAdjust,Geo,"15:30"
"1514787031047","XXX/YYY","01. 01. 2018 11:40","01. 01. 2018 15:30","01. 01. 2018 15:30","3.830","0.0"
Id,Tz,From,To,Sched,Hours,Rating,Comment,Framerate,Snore,Noise,Cycles,DeepSleep,LenAdjust,Geo,"14:52"
"1514708343828","XXX/YYY","31. 12. 2017 13:49","31. 12. 2017 14:52","31. 12. 2017 14:52","1.060","0.0"
Id,Tz,From,To,Sched,Hours,Rating,Comment,Framerate,Snore,Noise,Cycles,DeepSleep,LenAdjust,Geo,"11:49"
"1514698711047","XXX/YYY","31. 12. 2017 11:08","31. 12. 2017 11:49","31. 12. 2017 11:49","0.680","0.0"
Id,Tz,From,To,Sched,Hours,Rating,Comment,Framerate,Snore,Noise,Cycles,DeepSleep,LenAdjust,Geo,"10:33"
"1514694811047","XXX/YYY","31. 12. 2017 10:03","31. 12. 2017 10:33","31. 12. 2017 10:33","0.500","0.0"
Id,Tz,From,To,Sched,Hours,Rating,Comment,Framerate,Snore,Noise,Cycles,DeepSleep,LenAdjust,Geo,"10:22"
"1514592031047","XXX/YYY","30. 12. 2017 5:30","30. 12. 2017 10:22","30. 12. 2017 10:22","4.870","0.0"
Id,Tz,From,To,Sched,Hours,Rating,Comment,Framerate,Snore,Noise,Cycles,DeepSleep,LenAdjust,Geo,"12:12"
"1514510911047","XXX/YYY","29. 12. 2017 6:58","29. 12. 2017 12:12","29. 12. 2017 12:12","5.230","0.0"
Id,Tz,From,To,Sched,Hours,Rating,Comment,Framerate,Snore,Noise,Cycles,DeepSleep,LenAdjust,Geo,"21:22"
"1514371471047","XXX/YYY","27. 12. 2017 16:14","27. 12. 2017 21:22","27. 12. 2017 21:22","5.130","0.0"
Id,Tz,From,To,Sched,Hours,Rating,Comment,Framerate,Snore,Noise,Cycles,DeepSleep,LenAdjust,Geo,"11:30"
"1514322415479","XXX/YYY","27. 12. 2017 2:36","27. 12. 2017 11:30","27. 12. 2017 11:30","8.890","0.0"
Id,Tz,From,To,Sched,Hours,Rating,Comment,Framerate,Snore,Noise,Cycles,DeepSleep,LenAdjust,Geo,"10:08"
"1514258939110","XXX/YYY","26. 12. 2017 8:58","26. 12. 2017 10:08","26. 12. 2017 10:08","1.150","4.5"
Id,Tz,From,To,Sched,Hours,Rating,Comment,Framerate,Snore,Noise,Cycles,DeepSleep,LenAdjust,Geo,"8:35"
"1514255759110","XXX/YYY","26. 12. 2017 8:05","26. 12. 2017 8:35","26. 12. 2017 8:35","0.500","0.0"
Id,Tz,From,To,Sched,Hours,Rating,Comment,Framerate,Snore,Noise,Cycles,DeepSleep,LenAdjust,Geo,"7:33"
"1514243905916","XXX/YYY","26. 12. 2017 4:48","26. 12. 2017 7:33","26. 12. 2017 7:33","2.750","0.0"
Id,Tz,From,To,Sched,Hours,Rating,Comment,Framerate,Snore,Noise,Cycles,DeepSleep,LenAdjust,Geo,"12:11"
"1514157935429","XXX/YYY","25. 12. 2017 4:55","25. 12. 2017 12:11","25. 12. 2017 12:11","7.270","0.0"
Id,Tz,From,To,Sched,Hours,Rating,Comment,Framerate,Snore,Noise,Cycles,DeepSleep,LenAdjust,Geo,"12:20"
"1514075721049","XXX/YYY","24. 12. 2017 6:05","24. 12. 2017 12:20","24. 12. 2017 12:20","6.250","0.0"
Id,Tz,From,To,Sched,Hours,Rating,Comment,Framerate,Snore,Noise,Cycles,DeepSleep,LenAdjust,Geo,"16:34"
"1514010898625","XXX/YYY","23. 12. 2017 12:04","23. 12. 2017 16:34","23. 12. 2017 16:34","4.500","0.0"
Id,Tz,From,To,Sched,Hours,Rating,Comment,Framerate,Snore,Noise,Cycles,DeepSleep,LenAdjust,Geo,"12:50"
"1513905257621","XXX/YYY","22. 12. 2017 6:44","22. 12. 2017 12:50","22. 12. 2017 12:50","6.100","0.0"
Id,Tz,From,To,Sched,Hours,Rating,Comment,Framerate,Snore,Noise,Cycles,DeepSleep,LenAdjust,Geo,"0:30"
"1513863239136","XXX/YYY","21. 12. 2017 19:03","22. 12. 2017 0:30","22. 12. 2017 0:30","5.450","0.0"
Id,Tz,From,To,Sched,Hours,Rating,Comment,Framerate,Snore,Noise,Cycles,DeepSleep,LenAdjust,Geo,"2:41"
"1513787487531","XXX/YYY","20. 12. 2017 22:01","21. 12. 2017 2:41","21. 12. 2017 2:41","4.670","0.0"
Id,Tz,From,To,Sched,Hours,Rating,Comment,Framerate,Snore,Noise,Cycles,DeepSleep,LenAdjust,Geo,"15:21"
"1513733916786","XXX/YYY","20. 12. 2017 7:08","20. 12. 2017 15:21","20. 12. 2017 15:21","8.220","0.0"
Id,Tz,From,To,Sched,Hours,Rating,Comment,Framerate,Snore,Noise,Cycles,DeepSleep,LenAdjust,Geo,"5:13"
"1513723078865","XXX/YYY","20. 12. 2017 4:07","20. 12. 2017 5:13","20. 12. 2017 5:13","1.100","0.0"
Id,Tz,From,To,Sched,Hours,Rating,Comment,Framerate,Snore,Noise,Cycles,DeepSleep,LenAdjust,Geo,"11:28"
"1513630344560","XXX/YYY","19. 12. 2017 2:22","19. 12. 2017 11:28","19. 12. 2017 11:28","9.100","0.0"
Id,Tz,From,To,Sched,Hours,Rating,Comment,Framerate,Snore,Noise,Cycles,DeepSleep,LenAdjust,Geo,"23:59"
"1513520584956","XXX/YYY","17. 12. 2017 19:53","17. 12. 2017 23:59","17. 12. 2017 23:59","4.100","0.0"
Id,Tz,From,To,Sched,Hours,Rating,Comment,Framerate,Snore,Noise,Cycles,DeepSleep,LenAdjust,Geo,"8:19"
"1513468742409","XXX/YYY","17. 12. 2017 5:29","17. 12. 2017 8:19","17. 12. 2017 8:19","2.830","0.0"
Id,Tz,From,To,Sched,Hours,Rating,Comment,Framerate,Snore,Noise,Cycles,DeepSleep,LenAdjust,Geo,"19:24"
"1513409879007","XXX/YYY","16. 12. 2017 13:07","16. 12. 2017 19:24","16. 12. 2017 19:24","6.280","0.0"
Id,Tz,From,To,Sched,Hours,Rating,Comment,Framerate,Snore,Noise,Cycles,DeepSleep,LenAdjust,Geo,"7:19"
"1513261494953","XXX/YYY","14. 12. 2017 19:54","15. 12. 2017 7:19","15. 12. 2017 7:19","11.420","0.0"
Id,Tz,From,To,Sched,Hours,Rating,Comment,Framerate,Snore,Noise,Cycles,DeepSleep,LenAdjust,Geo,"8:17"
"1513216034427","XXX/YYY","14. 12. 2017 7:17","14. 12. 2017 8:17","14. 12. 2017 8:17","1.000","0.0"
Id,Tz,From,To,Sched,Hours,Rating,Comment,Framerate,Snore,Noise,Cycles,DeepSleep,LenAdjust,Geo,"13:15"
"1513132550097","XXX/YYY","13. 12. 2017 8:05","13. 12. 2017 13:15","13. 12. 2017 13:15","5.170","0.0"
Id,Tz,From,To,Sched,Hours,Rating,Comment,Framerate,Snore,Noise,Cycles,DeepSleep,LenAdjust,Geo,"2:58"
"1513014590310","XXX/YYY","11. 12. 2017 23:19","12. 12. 2017 2:58","12. 12. 2017 2:58","3.650","0.0"
Id,Tz,From,To,Sched,Hours,Rating,Comment,Framerate,Snore,Noise,Cycles,DeepSleep,LenAdjust,Geo,"15:26"
"1512967019401","XXX/YYY","11. 12. 2017 10:06","11. 12. 2017 15:26","11. 12. 2017 15:26","5.330","0.0"
Id,Tz,From,To,Sched,Hours,Rating,Comment,Framerate,Snore,Noise,Cycles,DeepSleep,LenAdjust,Geo,"17:09"
"1512881452390","XXX/YYY","10. 12. 2017 10:20","10. 12. 2017 17:09","10. 12. 2017 17:09","6.820","0.0"
Id,Tz,From,To,Sched,Hours,Rating,Comment,Framerate,Snore,Noise,Cycles,DeepSleep,LenAdjust,Geo,"20:00"
"1512811921112","XXX/YYY","09. 12. 2017 15:02","09. 12. 2017 20:00","09. 12. 2017 20:00","4.970","0.0"
Id,Tz,From,To,Sched,Hours,Rating,Comment,Framerate,Snore,Noise,Cycles,DeepSleep,LenAdjust,Geo,"15:13"
"1512707034072","XXX/YYY","08. 12. 2017 9:53","08. 12. 2017 15:13","08. 12. 2017 15:13","5.330","0.0"
Id,Tz,From,To,Sched,Hours,Rating,Comment,Framerate,Snore,Noise,Cycles,DeepSleep,LenAdjust,Geo,"1:37"
"1512665068429","XXX/YYY","07. 12. 2017 22:14","08. 12. 2017 1:37","08. 12. 2017 1:37","3.380","0.0"
Id,Tz,From,To,Sched,Hours,Rating,Comment,Framerate,Snore,Noise,Cycles,DeepSleep,LenAdjust,Geo,"13:43"
"1512606370105","XXX/YYY","07. 12. 2017 5:56","07. 12. 2017 13:43","07. 12. 2017 13:43","7.780","0.0"
Id,Tz,From,To,Sched,Hours,Rating,Comment,Framerate,Snore,Noise,Cycles,DeepSleep,LenAdjust,Geo,"13:55"
"1512530531524","XXX/YYY","06. 12. 2017 8:52","06. 12. 2017 13:55","06. 12. 2017 13:55","5.050","0.0"
Id,Tz,From,To,Sched,Hours,Rating,Comment,Framerate,Snore,Noise,Cycles,DeepSleep,LenAdjust,Geo,"8:17"
"1512428906175","XXX/YYY","05. 12. 2017 4:38","05. 12. 2017 8:17","05. 12. 2017 8:17","3.650","0.0"
Id,Tz,From,To,Sched,Hours,Rating,Comment,Framerate,Snore,Noise,Cycles,DeepSleep,LenAdjust,Geo,"13:15"
"1512342078201","XXX/YYY","04. 12. 2017 4:31","04. 12. 2017 13:15","04. 12. 2017 13:15","8.730","0.0"
Id,Tz,From,To,Sched,Hours,Rating,Comment,Framerate,Snore,Noise,Cycles,DeepSleep,LenAdjust,Geo,"15:08"
"1512269837040","XXX/YYY","03. 12. 2017 8:27","03. 12. 2017 15:08","03. 12. 2017 15:08","6.680","0.0"
Id,Tz,From,To,Sched,Hours,Rating,Comment,Framerate,Snore,Noise,Cycles,DeepSleep,LenAdjust,Geo,"20:56"
"1512225310806","XXX/YYY","02. 12. 2017 20:05","02. 12. 2017 20:56","02. 12. 2017 20:56","0.850","0.0"
Id,Tz,From,To,Sched,Hours,Rating,Comment,Framerate,Snore,Noise,Cycles,DeepSleep,LenAdjust,Geo,"7:58"
"1512162736020","XXX/YYY","02. 12. 2017 2:42","02. 12. 2017 7:58","02. 12. 2017 7:58","5.270","0.0"
Id,Tz,From,To,Sched,Hours,Rating,Comment,Framerate,Snore,Noise,Cycles,DeepSleep,LenAdjust,Geo,"11:02"
"1512086067008","XXX/YYY","01. 12. 2017 5:24","01. 12. 2017 11:02","01. 12. 2017 11:02","5.630","0.0"
Id,Tz,From,To,Sched,Hours,Rating,Comment,Framerate,Snore,Noise,Cycles,DeepSleep,LenAdjust,Geo,"2:14"
"1512053351209","XXX/YYY","30. 11. 2017 20:19","01. 12. 2017 2:14","01. 12. 2017 2:14","5.920","0.0"
Id,Tz,From,To,Sched,Hours,Rating,Comment,Framerate,Snore,Noise,Cycles,DeepSleep,LenAdjust,Geo,"9:14"
"1512001790410","XXX/YYY","30. 11. 2017 5:59","30. 11. 2017 9:14","30. 11. 2017 9:14","3.250","0.0"
Id,Tz,From,To,Sched,Hours,Rating,Comment,Framerate,Snore,Noise,Cycles,DeepSleep,LenAdjust,Geo,"12:36"
"1511926689871","XXX/YYY","29. 11. 2017 9:08","29. 11. 2017 12:36","29. 11. 2017 12:36","3.470","0.0"
Id,Tz,From,To,Sched,Hours,Rating,Comment,Framerate,Snore,Noise,Cycles,DeepSleep,LenAdjust,Geo
"1511910000000","XXX/YYY","29. 11. 2017 4:30","29. 11. 2017 8:30","29. 11. 2017 8:30","4.000","0.0"
Id,Tz,From,To,Sched,Hours,Rating,Comment,Framerate,Snore,Noise,Cycles,DeepSleep,LenAdjust,Geo,"13:01"
"1511840332965","XXX/YYY","28. 11. 2017 9:08","28. 11. 2017 13:01","28. 11. 2017 13:01","3.880","0.0"
Id,Tz,From,To,Sched,Hours,Rating,Comment,Framerate,Snore,Noise,Cycles,DeepSleep,LenAdjust,Geo,"9:53"
"1511719818637","XXX/YYY","26. 11. 2017 23:40","27. 11. 2017 9:53","27. 11. 2017 9:53","10.220","0.0"
Id,Tz,From,To,Sched,Hours,Rating,Comment,Framerate,Snore,Noise,Cycles,DeepSleep,LenAdjust,Geo,"20:58"
"1511689957027","XXX/YYY","26. 11. 2017 15:22","26. 11. 2017 20:58","26. 11. 2017 20:58","5.600","0.0"
Id,Tz,From,To,Sched,Hours,Rating,Comment,Framerate,Snore,Noise,Cycles,DeepSleep,LenAdjust,Geo,"15:47"
"1511593193981","XXX/YYY","25. 11. 2017 12:29","25. 11. 2017 15:47","25. 11. 2017 15:47","3.300","0.0"
Id,Tz,From,To,Sched,Hours,Rating,Comment,Framerate,Snore,Noise,Cycles,DeepSleep,LenAdjust,Geo,"5:15"
"1511545704107","XXX/YYY","24. 11. 2017 23:18","25. 11. 2017 5:15","25. 11. 2017 5:15","5.950","0.0"
Id,Tz,From,To,Sched,Hours,Rating,Comment,Framerate,Snore,Noise,Cycles,DeepSleep,LenAdjust,Geo,"11:27"
"1511481129783","XXX/YYY","24. 11. 2017 5:22","24. 11. 2017 11:27","24. 11. 2017 11:27","6.080","0.0"
Id,Tz,From,To,Sched,Hours,Rating,Comment,Framerate,Snore,Noise,Cycles,DeepSleep,LenAdjust,Geo
"1511411400000","XXX/YYY","23. 11. 2017 10:00","23. 11. 2017 13:30","23. 11. 2017 13:30","3.500","0.0"
Id,Tz,From,To,Sched,Hours,Rating,Comment,Framerate,Snore,Noise,Cycles,DeepSleep,LenAdjust,Geo
"1511275200000","XXX/YYY","21. 11. 2017 20:10","22. 11. 2017 10:30","22. 11. 2017 10:30","14.330","0.0"
Id,Tz,From,To,Sched,Hours,Rating,Comment,Framerate,Snore,Noise,Cycles,DeepSleep,LenAdjust,Geo,"21:49"
"1511183154159","XXX/YYY","20. 11. 2017 18:35","20. 11. 2017 21:49","20. 11. 2017 21:49","3.230","0.0"
Id,Tz,From,To,Sched,Hours,Rating,Comment,Framerate,Snore,Noise,Cycles,DeepSleep,LenAdjust,Geo
"1511130600000","XXX/YYY","20. 11. 2017 4:00","20. 11. 2017 8:00","20. 11. 2017 8:00","4.000","0.0"
Id,Tz,From,To,Sched,Hours,Rating,Comment,Framerate,Snore,Noise,Cycles,DeepSleep,LenAdjust,Geo,"13:09"
"1511052698390","XXX/YYY","19. 11. 2017 6:21","19. 11. 2017 13:09","19. 11. 2017 13:09","6.800","0.0"
Id,Tz,From,To,Sched,Hours,Rating,Comment,Framerate,Snore,Noise,Cycles,DeepSleep,LenAdjust,Geo,"17:49"
"1511001064790","XXX/YYY","18. 11. 2017 16:01","18. 11. 2017 17:49","18. 11. 2017 17:49","1.800","0.0"
Id,Tz,From,To,Sched,Hours,Rating,Comment,Framerate,Snore,Noise,Cycles,DeepSleep,LenAdjust,Geo
"1510960800000","XXX/YYY","18. 11. 2017 4:50","18. 11. 2017 8:30","18. 11. 2017 8:30","3.670","5.0"
Id,Tz,From,To,Sched,Hours,Rating,Comment,Framerate,Snore,Noise,Cycles,DeepSleep,LenAdjust,Geo,"13:43"
"1510877901793","XXX/YYY","17. 11. 2017 5:48","17. 11. 2017 13:43","17. 11. 2017 13:43","7.920","0.0"
Id,Tz,From,To,Sched,Hours,Rating,Comment,Framerate,Snore,Noise,Cycles,DeepSleep,LenAdjust,Geo,"12:29"
"1510789636758","XXX/YYY","16. 11. 2017 5:17","16. 11. 2017 12:29","16. 11. 2017 12:29","7.200","0.0"
Id,Tz,From,To,Sched,Hours,Rating,Comment,Framerate,Snore,Noise,Cycles,DeepSleep,LenAdjust,Geo,"9:47"
"1510702611416","XXX/YYY","15. 11. 2017 5:06","15. 11. 2017 9:47","15. 11. 2017 9:47","4.680","0.0"
Id,Tz,From,To,Sched,Hours,Rating,Comment,Framerate,Snore,Noise,Cycles,DeepSleep,LenAdjust,Geo,"15:53"
"1510653210623","XXX/YYY","14. 11. 2017 15:23","14. 11. 2017 15:53","14. 11. 2017 15:53","0.500","0.0"
Id,Tz,From,To,Sched,Hours,Rating,Comment,Framerate,Snore,Noise,Cycles,DeepSleep,LenAdjust,Geo,"13:53"
"1510548133535","XXX/YYY","13. 11. 2017 10:12","13. 11. 2017 13:53","13. 11. 2017 13:53","3.680","0.0"
Id,Tz,From,To,Sched,Hours,Rating,Comment,Framerate,Snore,Noise,Cycles,DeepSleep,LenAdjust,Geo,"23:55"
"1510494700221","XXX/YYY","12. 11. 2017 19:21","12. 11. 2017 23:55","12. 11. 2017 23:55","4.570","0.0"
Id,Tz,From,To,Sched,Hours,Rating,Comment,Framerate,Snore,Noise,Cycles,DeepSleep,LenAdjust,Geo,"1:51"
"1510328844012","XXX/YYY","10. 11. 2017 21:17","11. 11. 2017 1:51","11. 11. 2017 1:51","4.570","0.0"
Id,Tz,From,To,Sched,Hours,Rating,Comment,Framerate,Snore,Noise,Cycles,DeepSleep,LenAdjust,Geo,"12:58"
"1510274551438","XXX/YYY","10. 11. 2017 6:12","10. 11. 2017 12:58","10. 11. 2017 12:58","6.770","0.0"
Id,Tz,From,To,Sched,Hours,Rating,Comment,Framerate,Snore,Noise,Cycles,DeepSleep,LenAdjust,Geo,"11:43"
"1510183073223","XXX/YYY","09. 11. 2017 4:47","09. 11. 2017 11:43","09. 11. 2017 11:43","6.930","0.0"
Id,Tz,From,To,Sched,Hours,Rating,Comment,Framerate,Snore,Noise,Cycles,DeepSleep,LenAdjust,Geo,"9:01"
"1510084869624","XXX/YYY","08. 11. 2017 1:31","08. 11. 2017 9:01","08. 11. 2017 9:01","7.500","0.0"
Id,Tz,From,To,Sched,Hours,Rating,Comment,Framerate,Snore,Noise,Cycles,DeepSleep,LenAdjust,Geo,"13:09"
"1510027429887","XXX/YYY","07. 11. 2017 9:33","07. 11. 2017 13:09","07. 11. 2017 13:09","3.600","0.0"
Id,Tz,From,To,Sched,Hours,Rating,Comment,Framerate,Snore,Noise,Cycles,DeepSleep,LenAdjust,Geo,"20:45"
"1509963444333","XXX/YYY","06. 11. 2017 15:47","06. 11. 2017 20:45","06. 11. 2017 20:45","4.970","0.0"
Id,Tz,From,To,Sched,Hours,Rating,Comment,Framerate,Snore,Noise,Cycles,DeepSleep,LenAdjust,Geo,"8:50"
"1509930324333","XXX/YYY","06. 11. 2017 6:35","06. 11. 2017 8:50","06. 11. 2017 8:50","2.250","0.0"
Id,Tz,From,To,Sched,Hours,Rating,Comment,Framerate,Snore,Noise,Cycles,DeepSleep,LenAdjust,Geo
"1509915600000","XXX/YYY","06. 11. 2017 2:30","06. 11. 2017 6:00","06. 11. 2017 6:00","3.500","0.0"
Id,Tz,From,To,Sched,Hours,Rating,Comment,Framerate,Snore,Noise,Cycles,DeepSleep,LenAdjust,Geo,"13:45"
"1509834608513","XXX/YYY","05. 11. 2017 4:00","05. 11. 2017 13:45","05. 11. 2017 13:45","9.750","0.0"
Id,Tz,From,To,Sched,Hours,Rating,Comment,Framerate,Snore,Noise,Cycles,DeepSleep,LenAdjust,Geo,"13:20"
"1509744447549","XXX/YYY","04. 11. 2017 2:57","04. 11. 2017 13:20","04. 11. 2017 13:20","10.380","0.0"
Id,Tz,From,To,Sched,Hours,Rating,Comment,Framerate,Snore,Noise,Cycles,DeepSleep,LenAdjust,Geo,"11:18"
"1509664613620","XXX/YYY","03. 11. 2017 4:46","03. 11. 2017 11:18","03. 11. 2017 11:18","6.530","0.0"
Id,Tz,From,To,Sched,Hours,Rating,Comment,Framerate,Snore,Noise,Cycles,DeepSleep,LenAdjust,Geo,"11:48"
"1509584278546","XXX/YYY","02. 11. 2017 6:27","02. 11. 2017 11:48","02. 11. 2017 11:48","5.350","0.0"
Id,Tz,From,To,Sched,Hours,Rating,Comment,Framerate,Snore,Noise,Cycles,DeepSleep,LenAdjust,Geo,"9:31"
"1509401124742","XXX/YYY","31. 10. 2017 3:35","31. 10. 2017 9:31","31. 10. 2017 9:31","5.930","0.0"
Id,Tz,From,To,Sched,Hours,Rating,Comment,Framerate,Snore,Noise,Cycles,DeepSleep,LenAdjust,Geo,"1:21"
"1509383408148","XXX/YYY","30. 10. 2017 22:40","31. 10. 2017 1:21","31. 10. 2017 1:21","2.680","0.0"
Id,Tz,From,To,Sched,Hours,Rating,Comment,Framerate,Snore,Noise,Cycles,DeepSleep,LenAdjust,Geo,"14:31"
"1509339812770","XXX/YYY","30. 10. 2017 10:33","30. 10. 2017 14:31","30. 10. 2017 14:31","3.970","0.0"
Id,Tz,From,To,Sched,Hours,Rating,Comment,Framerate,Snore,Noise,Cycles,DeepSleep,LenAdjust,Geo,"23:02"
"1509284757249","XXX/YYY","29. 10. 2017 19:15","29. 10. 2017 23:02","29. 10. 2017 23:02","3.780","0.0"
Id,Tz,From,To,Sched,Hours,Rating,Comment,Framerate,Snore,Noise,Cycles,DeepSleep,LenAdjust,Geo,"8:20"
"1509221410941","XXX/YYY","29. 10. 2017 1:40","29. 10. 2017 8:20","29. 10. 2017 8:20","6.670","0.0"
Id,Tz,From,To,Sched,Hours,Rating,Comment,Framerate,Snore,Noise,Cycles,DeepSleep,LenAdjust,Geo,"6:42"
"1509136863428","XXX/YYY","28. 10. 2017 2:11","28. 10. 2017 6:42","28. 10. 2017 6:42","4.520","0.0"
Id,Tz,From,To,Sched,Hours,Rating,Comment,Framerate,Snore,Noise,Cycles,DeepSleep,LenAdjust,Geo,"18:53"
"1509106854937","XXX/YYY","27. 10. 2017 17:50","27. 10. 2017 18:53","27. 10. 2017 18:53","1.050","0.0"
Id,Tz,From,To,Sched,Hours,Rating,Comment,Framerate,Snore,Noise,Cycles,DeepSleep,LenAdjust,Geo,"12:01"
"1509084837653","XXX/YYY","27. 10. 2017 11:43","27. 10. 2017 12:01","27. 10. 2017 12:01","0.300","0.0"
Id,Tz,From,To,Sched,Hours,Rating,Comment,Framerate,Snore,Noise,Cycles,DeepSleep,LenAdjust,Geo,"9:03"
"1508970929642","XXX/YYY","26. 10. 2017 4:05","26. 10. 2017 9:03","26. 10. 2017 9:03","4.970","0.0"
Id,Tz,From,To,Sched,Hours,Rating,Comment,Framerate,Snore,Noise,Cycles,DeepSleep,LenAdjust,Geo
"1508880000000","XXX/YYY","25. 10. 2017 2:50","25. 10. 2017 13:40","25. 10. 2017 13:40","10.830","0.0"
Id,Tz,From,To,Sched,Hours,Rating,Comment,Framerate,Snore,Noise,Cycles,DeepSleep,LenAdjust,Geo
"1508720400000","XXX/YYY","23. 10. 2017 6:30","23. 10. 2017 13:00","23. 10. 2017 13:00","6.500","0.0"
Id,Tz,From,To,Sched,Hours,Rating,Comment,Framerate,Snore,Noise,Cycles,DeepSleep,LenAdjust,Geo,"8:01"
"1508632157816","XXX/YYY","22. 10. 2017 5:59","22. 10. 2017 8:01","22. 10. 2017 8:01","2.030","0.0"
Id,Tz,From,To,Sched,Hours,Rating,Comment,Framerate,Snore,Noise,Cycles,DeepSleep,LenAdjust,Geo,"18:16"
"1508575015079","XXX/YYY","21. 10. 2017 14:06","21. 10. 2017 18:16","21. 10. 2017 18:16","4.170","0.0"
Id,Tz,From,To,Sched,Hours,Rating,Comment,Framerate,Snore,Noise,Cycles,DeepSleep,LenAdjust,Geo,"1:32"
"1508518495079","XXX/YYY","20. 10. 2017 22:24","21. 10. 2017 1:32","21. 10. 2017 1:32","3.130","0.0"
Id,Tz,From,To,Sched,Hours,Rating,Comment,Framerate,Snore,Noise,Cycles,DeepSleep,LenAdjust,Geo
"1508455200000","XXX/YYY","20. 10. 2017 4:50","20. 10. 2017 9:40","20. 10. 2017 9:40","4.830","0.0"
Id,Tz,From,To,Sched,Hours,Rating,Comment,Framerate,Snore,Noise,Cycles,DeepSleep,LenAdjust,Geo,"12:43"
"1508362563224","XXX/YYY","19. 10. 2017 3:06","19. 10. 2017 12:43","19. 10. 2017 12:43","9.620","0.0"
Id,Tz,From,To,Sched,Hours,Rating,Comment,Framerate,Snore,Noise,Cycles,DeepSleep,LenAdjust,Geo,"8:30"
"1508278244555","XXX/YYY","18. 10. 2017 3:40","18. 10. 2017 8:30","18. 10. 2017 8:30","4.830","0.0"
Id,Tz,From,To,Sched,Hours,Rating,Comment,Framerate,Snore,Noise,Cycles,DeepSleep,LenAdjust,Geo,"12:15"
"1508210335057","XXX/YYY","17. 10. 2017 8:48","17. 10. 2017 12:15","17. 10. 2017 12:15","3.450","0.0"
Id,Tz,From,To,Sched,Hours,Rating,Comment,Framerate,Snore,Noise,Cycles,DeepSleep,LenAdjust,Geo,"3:51"
"1508181126023","XXX/YYY","17. 10. 2017 0:42","17. 10. 2017 3:51","17. 10. 2017 3:51","3.150","0.0"
Id,Tz,From,To,Sched,Hours,Rating,Comment,Framerate,Snore,Noise,Cycles,DeepSleep,LenAdjust,Geo,"10:03"
"1508123502558","XXX/YYY","16. 10. 2017 8:41","16. 10. 2017 10:03","16. 10. 2017 10:03","1.370","0.0"
Id,Tz,From,To,Sched,Hours,Rating,Comment,Framerate,Snore,Noise,Cycles,DeepSleep,LenAdjust,Geo,"22:46"
"1508064026233","XXX/YYY","15. 10. 2017 16:10","15. 10. 2017 22:46","15. 10. 2017 22:46","6.600","0.0"
Id,Tz,From,To,Sched,Hours,Rating,Comment,Framerate,Snore,Noise,Cycles,DeepSleep,LenAdjust,Geo,"9:44"
"1507922829903","XXX/YYY","14. 10. 2017 0:57","14. 10. 2017 9:44","14. 10. 2017 9:44","8.780","0.0"
Id,Tz,From,To,Sched,Hours,Rating,Comment,Framerate,Snore,Noise,Cycles,DeepSleep,LenAdjust,Geo,"12:33"
"1507859713575","XXX/YYY","13. 10. 2017 7:25","13. 10. 2017 12:33","13. 10. 2017 12:33","5.130","0.0"
Id,Tz,From,To,Sched,Hours,Rating,Comment,Framerate,Snore,Noise,Cycles,DeepSleep,LenAdjust,Geo,"14:59"
"1507767841260","XXX/YYY","12. 10. 2017 5:54","12. 10. 2017 14:59","12. 10. 2017 14:59","9.080","0.0"
Id,Tz,From,To,Sched,Hours,Rating,Comment,Framerate,Snore,Noise,Cycles,DeepSleep,LenAdjust,Geo,"13:03"
"1507675687469","XXX/YYY","11. 10. 2017 4:18","11. 10. 2017 13:03","11. 10. 2017 13:03","8.750","0.0"
Id,Tz,From,To,Sched,Hours,Rating,Comment,Framerate,Snore,Noise,Cycles,DeepSleep,LenAdjust,Geo
"1507569000000","XXX/YYY","09. 10. 2017 22:40","10. 10. 2017 3:40","10. 10. 2017 3:40","5.000","0.0"
Id,Tz,From,To,Sched,Hours,Rating,Comment,Framerate,Snore,Noise,Cycles,DeepSleep,LenAdjust,Geo,"12:58"
"1507519471270","XXX/YYY","09. 10. 2017 8:54","09. 10. 2017 12:58","09. 10. 2017 12:58","4.070","0.0"
Id,Tz,From,To,Sched,Hours,Rating,Comment,Framerate,Snore,Noise,Cycles,DeepSleep,LenAdjust,Geo,"4:30"
"1507242780000","XXX/YYY","06. 10. 2017 4:03","06. 10. 2017 4:30","06. 10. 2017 4:30","0.450","0.0"
Id,Tz,From,To,Sched,Hours,Rating,Comment,Framerate,Snore,Noise,Cycles,DeepSleep,LenAdjust,Geo,"11:31"
"1506389755021","XXX/YYY","26. 09. 2017 7:05","26. 09. 2017 11:31","26. 09. 2017 11:31","4.430","0.0"
Id,Tz,From,To,Sched,Hours,Rating,Comment,Framerate,Snore,Noise,Cycles,DeepSleep,LenAdjust,Geo,"11:30"
"1506230136668","XXX/YYY","24. 09. 2017 10:45","24. 09. 2017 11:30","24. 09. 2017 11:30","0.750","0.0"
Id,Tz,From,To,Sched,Hours,Rating,Comment,Framerate,Snore,Noise,Cycles,DeepSleep,LenAdjust,Geo,"10:45"
"1506206436668","XXX/YYY","24. 09. 2017 4:10","24. 09. 2017 10:45","24. 09. 2017 10:45","6.580","0.0"
Id,Tz,From,To,Sched,Hours,Rating,Comment,Framerate,Snore,Noise,Cycles,DeepSleep,LenAdjust,Geo,"13:15"
"1506053751697","XXX/YYY","22. 09. 2017 9:45","22. 09. 2017 13:15","22. 09. 2017 13:15","3.500","0.0"
Id,Tz,From,To,Sched,Hours,Rating,Comment,Framerate,Snore,Noise,Cycles,DeepSleep,LenAdjust,Geo,"19:15"
"1505990709603","XXX/YYY","21. 09. 2017 16:15","21. 09. 2017 19:15","21. 09. 2017 19:15","3.000","0.0"
Id,Tz,From,To,Sched,Hours,Rating,Comment,Framerate,Snore,Noise,Cycles,DeepSleep,LenAdjust,Geo,"9:37"
"1505940009603","XXX/YYY","21. 09. 2017 2:10","21. 09. 2017 9:37","21. 09. 2017 9:37","7.450","0.0"
Id,Tz,From,To,Sched,Hours,Rating,Comment,Framerate,Snore,Noise,Cycles,DeepSleep,LenAdjust,Geo,"9:04"
"1505762151234","XXX/YYY","19. 09. 2017 0:45","19. 09. 2017 9:04","19. 09. 2017 9:04","8.320","0.0"
Id,Tz,From,To,Sched,Hours,Rating,Comment,Framerate,Snore,Noise,Cycles,DeepSleep,LenAdjust,Geo,"9:45"
"1505697052443","XXX/YYY","18. 09. 2017 6:40","18. 09. 2017 9:45","18. 09. 2017 9:45","3.080","0.0"
Id,Tz,From,To,Sched,Hours,Rating,Comment,Framerate,Snore,Noise,Cycles,DeepSleep,LenAdjust,Geo,"9:34"
"1505589556916","XXX/YYY","17. 09. 2017 0:49","17. 09. 2017 9:34","17. 09. 2017 9:34","8.750","0.0"
Id,Tz,From,To,Sched,Hours,Rating,Comment,Framerate,Snore,Noise,Cycles,DeepSleep,LenAdjust,Geo,"6:40"
"1505508337753","XXX/YYY","16. 09. 2017 2:15","16. 09. 2017 6:40","16. 09. 2017 6:40","4.420","0.0"
Id,Tz,From,To,Sched,Hours,Rating,Comment,Framerate,Snore,Noise,Cycles,DeepSleep,LenAdjust,Geo,"22:45"
"1505488137384","XXX/YYY","15. 09. 2017 20:38","15. 09. 2017 22:45","15. 09. 2017 22:45","2.120","0.0"
Id,Tz,From,To,Sched,Hours,Rating,Comment,Framerate,Snore,Noise,Cycles,DeepSleep,LenAdjust,Geo,"9:50"
"1505245548765","XXX/YYY","13. 09. 2017 1:15","13. 09. 2017 9:50","13. 09. 2017 9:50","8.580","0.0"
Id,Tz,From,To,Sched,Hours,Rating,Comment,Framerate,Snore,Noise,Cycles,DeepSleep,LenAdjust,Geo,"9:35"
"1505185688468","XXX/YYY","12. 09. 2017 8:38","12. 09. 2017 9:35","12. 09. 2017 9:35","0.950","0.0"
Id,Tz,From,To,Sched,Hours,Rating,Comment,Framerate,Snore,Noise,Cycles,DeepSleep,LenAdjust,Geo,"4:09"
"1505169408689","XXX/YYY","12. 09. 2017 4:06","12. 09. 2017 8:33","12. 09. 2017 8:30","4.440","0.0"
Id,Tz,From,To,Sched,Hours,Rating,Comment,Framerate,Snore,Noise,Cycles,DeepSleep,LenAdjust,Geo,"10:50"
"1505088010606","XXX/YYY","11. 09. 2017 5:30","11. 09. 2017 10:50","11. 09. 2017 10:50","5.330","0.0"
Id,Tz,From,To,Sched,Hours,Rating,Comment,Framerate,Snore,Noise,Cycles,DeepSleep,LenAdjust,Geo,"7:04"
"1504971345111","XXX/YYY","09. 09. 2017 21:05","10. 09. 2017 7:04","10. 09. 2017 7:04","9.980","0.0"
Id,Tz,From,To,Sched,Hours,Rating,Comment,Framerate,Snore,Noise,Cycles,DeepSleep,LenAdjust,Geo,"15:11"
"1504844736547","XXX/YYY","08. 09. 2017 9:55","08. 09. 2017 15:11","08. 09. 2017 15:11","5.270","0.0"
Id,Tz,From,To,Sched,Hours,Rating,Comment,Framerate,Snore,Noise,Cycles,DeepSleep,LenAdjust,Geo,"8:36"
"1504820676547","XXX/YYY","08. 09. 2017 3:14","08. 09. 2017 8:36","08. 09. 2017 8:36","5.370","0.0"
Id,Tz,From,To,Sched,Hours,Rating,Comment,Framerate,Snore,Noise,Cycles,DeepSleep,LenAdjust,Geo,"14:36"
"1504671322966","XXX/YYY","06. 09. 2017 9:45","06. 09. 2017 14:36","06. 09. 2017 14:36","4.850","0.0"
Id,Tz,From,To,Sched,Hours,Rating,Comment,Framerate,Snore,Noise,Cycles,DeepSleep,LenAdjust,Geo,"9:46"
"1504215934280","XXX/YYY","01. 09. 2017 3:15","01. 09. 2017 9:46","01. 09. 2017 9:46","6.520","0.0"
Id,Tz,From,To,Sched,Hours,Rating,Comment,Framerate,Snore,Noise,Cycles,DeepSleep,LenAdjust,Geo,"9:43"
"1504115712642","XXX/YYY","30. 08. 2017 23:25","31. 08. 2017 9:43","31. 08. 2017 9:43","10.300","0.0"
Id,Tz,From,To,Sched,Hours,Rating,Comment,Framerate,Snore,Noise,Cycles,DeepSleep,LenAdjust,Geo,"9:53"
"1504040133261","XXX/YYY","30. 08. 2017 2:25","30. 08. 2017 9:53","30. 08. 2017 9:53","7.470","0.0"
Id,Tz,From,To,Sched,Hours,Rating,Comment,Framerate,Snore,Noise,Cycles,DeepSleep,LenAdjust,Geo,"18:30"
"1503911430211","XXX/YYY","28. 08. 2017 14:40","28. 08. 2017 18:30","28. 08. 2017 18:30","3.830","0.0"
Id,Tz,From,To,Sched,Hours,Rating,Comment,Framerate,Snore,Noise,Cycles,DeepSleep,LenAdjust,Geo,"13:03"
"1503783345414","XXX/YYY","27. 08. 2017 3:05","27. 08. 2017 13:03","27. 08. 2017 13:03","9.970","0.0"
Id,Tz,From,To,Sched,Hours,Rating,Comment,Framerate,Snore,Noise,Cycles,DeepSleep,LenAdjust,Geo,"10:45"
"1503695450614","XXX/YYY","26. 08. 2017 2:40","26. 08. 2017 10:45","26. 08. 2017 10:45","8.080","0.0"
Id,Tz,From,To,Sched,Hours,Rating,Comment,Framerate,Snore,Noise,Cycles,DeepSleep,LenAdjust,Geo,"11:16"
"1503348392460","XXX/YYY","22. 08. 2017 2:16","22. 08. 2017 11:16","22. 08. 2017 11:16","9.000","0.0"
Id,Tz,From,To,Sched,Hours,Rating,Comment,Framerate,Snore,Noise,Cycles,DeepSleep,LenAdjust,Geo,"8:28"
"1503173105598","XXX/YYY","20. 08. 2017 1:35","20. 08. 2017 8:28","20. 08. 2017 8:28","6.880","0.0"
Id,Tz,From,To,Sched,Hours,Rating,Comment,Framerate,Snore,Noise,Cycles,DeepSleep,LenAdjust,Geo,"8:05"
"1503002107759","XXX/YYY","18. 08. 2017 2:05","18. 08. 2017 8:05","18. 08. 2017 8:05","6.010","0.0"
Id,Tz,From,To,Sched,Hours,Rating,Comment,Framerate,Snore,Noise,Cycles,DeepSleep,LenAdjust,Geo,"17:00"
"1502955341919","XXX/YYY","17. 08. 2017 13:05","17. 08. 2017 17:00","17. 08. 2017 17:00","3.910","0.0"
Id,Tz,From,To,Sched,Hours,Rating,Comment,Framerate,Snore,Noise,Cycles,DeepSleep,LenAdjust,Geo,"7:00"
"1502913101919","XXX/YYY","17. 08. 2017 1:21","17. 08. 2017 7:00","17. 08. 2017 7:00","5.650","0.0"
Id,Tz,From,To,Sched,Hours,Rating,Comment,Framerate,Snore,Noise,Cycles,DeepSleep,LenAdjust,Geo,"7:30"
"1502822737704","XXX/YYY","16. 08. 2017 0:15","16. 08. 2017 7:30","16. 08. 2017 7:30","7.250","0.0"
Id,Tz,From,To,Sched,Hours,Rating,Comment,Framerate,Snore,Noise,Cycles,DeepSleep,LenAdjust,Geo,"23:04"
"1502645532529","XXX/YYY","13. 08. 2017 23:02","14. 08. 2017 3:15","14. 08. 2017 8:30","4.230","2.25"
Id,Tz,From,To,Sched,Hours,Rating,Comment,Framerate,Snore,Noise,Cycles,DeepSleep,LenAdjust,Geo,"12:30"
"1502586916961","XXX/YYY","13. 08. 2017 6:45","13. 08. 2017 12:30","13. 08. 2017 12:30","5.750","0.0"
Id,Tz,From,To,Sched,Hours,Rating,Comment,Framerate,Snore,Noise,Cycles,DeepSleep,LenAdjust,Geo,"11:27"
"1502316903503","XXX/YYY","10. 08. 2017 3:45","10. 08. 2017 11:27","10. 08. 2017 11:27","7.700","0.0"
Id,Tz,From,To,Sched,Hours,Rating,Comment,Framerate,Snore,Noise,Cycles,DeepSleep,LenAdjust,Geo,"11:20"
"1502234743108","XXX/YYY","09. 08. 2017 4:55","09. 08. 2017 11:20","09. 08. 2017 11:20","6.420","0.0"
Id,Tz,From,To,Sched,Hours,Rating,Comment,Framerate,Snore,Noise,Cycles,DeepSleep,LenAdjust,Geo,"3:50"
"1502210126561","XXX/YYY","08. 08. 2017 22:05","09. 08. 2017 3:50","09. 08. 2017 3:50","5.750","0.0"
Id,Tz,From,To,Sched,Hours,Rating,Comment,Framerate,Snore,Noise,Cycles,DeepSleep,LenAdjust,Geo,"11:10"
"1502158841211","XXX/YYY","08. 08. 2017 7:50","08. 08. 2017 11:10","08. 08. 2017 11:10","3.320","0.0"
Id,Tz,From,To,Sched,Hours,Rating,Comment,Framerate,Snore,Noise,Cycles,DeepSleep,LenAdjust,Geo,"11:45"
"1502057741211","XXX/YYY","07. 08. 2017 3:45","07. 08. 2017 11:45","07. 08. 2017 11:45","8.000","0.0"
Id,Tz,From,To,Sched,Hours,Rating,Comment,Framerate,Snore,Noise,Cycles,DeepSleep,LenAdjust,Geo,"7:45"
"1501977326473","XXX/YYY","06. 08. 2017 5:25","06. 08. 2017 7:45","06. 08. 2017 7:45","2.340","0.0"
Id,Tz,From,To,Sched,Hours,Rating,Comment,Framerate,Snore,Noise,Cycles,DeepSleep,LenAdjust,Geo,"20:00"
"1501926346785","XXX/YYY","05. 08. 2017 15:15","05. 08. 2017 20:00","05. 08. 2017 20:00","4.740","0.0"
Id,Tz,From,To,Sched,Hours,Rating,Comment,Framerate,Snore,Noise,Cycles,DeepSleep,LenAdjust,Geo,"9:50"
"1501883130771","XXX/YYY","05. 08. 2017 3:15","05. 08. 2017 9:50","05. 08. 2017 9:50","6.590","0.0"
Id,Tz,From,To,Sched,Hours,Rating,Comment,Framerate,Snore,Noise,Cycles,DeepSleep,LenAdjust,Geo,"15:21"
"1501824917269","XXX/YYY","04. 08. 2017 11:05","04. 08. 2017 15:21","04. 08. 2017 15:21","4.270","0.0"
Id,Tz,From,To,Sched,Hours,Rating,Comment,Framerate,Snore,Noise,Cycles,DeepSleep,LenAdjust,Geo,"22:12"
"1501765817269","XXX/YYY","03. 08. 2017 18:40","03. 08. 2017 22:12","03. 08. 2017 22:12","3.530","0.0"
Id,Tz,From,To,Sched,Hours,Rating,Comment,Framerate,Snore,Noise,Cycles,DeepSleep,LenAdjust,Geo,"9:43"
"1501623347266","XXX/YYY","02. 08. 2017 3:05","02. 08. 2017 9:43","02. 08. 2017 9:43","6.630","0.0"
Id,Tz,From,To,Sched,Hours,Rating,Comment,Framerate,Snore,Noise,Cycles,DeepSleep,LenAdjust,Geo,"11:42"
"1501551318934","XXX/YYY","01. 08. 2017 7:05","01. 08. 2017 11:42","01. 08. 2017 11:42","4.620","0.0"
Id,Tz,From,To,Sched,Hours,Rating,Comment,Framerate,Snore,Noise,Cycles,DeepSleep,LenAdjust,Geo,"15:30"
"1501471758934","XXX/YYY","31. 07. 2017 8:59","31. 07. 2017 15:30","31. 07. 2017 15:30","6.520","0.0"
Id,Tz,From,To,Sched,Hours,Rating,Comment,Framerate,Snore,Noise,Cycles,DeepSleep,LenAdjust,Geo,"5:10"
"1501435518934","XXX/YYY","30. 07. 2017 22:55","31. 07. 2017 5:10","31. 07. 2017 5:10","6.250","0.0"
Id,Tz,From,To,Sched,Hours,Rating,Comment,Framerate,Snore,Noise,Cycles,DeepSleep,LenAdjust,Geo,"13:07"
"1501366558826","XXX/YYY","30. 07. 2017 3:45","30. 07. 2017 13:07","30. 07. 2017 13:07","9.370","0.0"
Id,Tz,From,To,Sched,Hours,Rating,Comment,Framerate,Snore,Noise,Cycles,DeepSleep,LenAdjust,Geo,"12:45"
"1501025745498","XXX/YYY","26. 07. 2017 5:05","26. 07. 2017 12:45","26. 07. 2017 12:45","7.670","0.0"
Id,Tz,From,To,Sched,Hours,Rating,Comment,Framerate,Snore,Noise,Cycles,DeepSleep,LenAdjust,Geo,"11:11"
"1500925290405","XXX/YYY","25. 07. 2017 1:11","25. 07. 2017 11:11","25. 07. 2017 11:11","10.000","0.0"
Id,Tz,From,To,Sched,Hours,Rating,Comment,Framerate,Snore,Noise,Cycles,DeepSleep,LenAdjust,Geo,"5:15"
"1500846390405","XXX/YYY","24. 07. 2017 3:16","24. 07. 2017 5:15","24. 07. 2017 5:15","1.980","0.0"
Id,Tz,From,To,Sched,Hours,Rating,Comment,Framerate,Snore,Noise,Cycles,DeepSleep,LenAdjust,Geo,"8:40"
"1500413753570","XXX/YYY","19. 07. 2017 3:05","19. 07. 2017 8:40","19. 07. 2017 8:40","5.580","0.0"
Id,Tz,From,To,Sched,Hours,Rating,Comment,Framerate,Snore,Noise,Cycles,DeepSleep,LenAdjust,Geo,"20:48"
"1500285600881","XXX/YYY","17. 07. 2017 15:30","17. 07. 2017 20:48","17. 07. 2017 20:48","5.300","0.0"
Id,Tz,From,To,Sched,Hours,Rating,Comment,Framerate,Snore,Noise,Cycles,DeepSleep,LenAdjust,Geo,"15:05"
"1500273900881","XXX/YYY","17. 07. 2017 12:15","17. 07. 2017 15:05","17. 07. 2017 15:05","2.830","0.0"
Id,Tz,From,To,Sched,Hours,Rating,Comment,Framerate,Snore,Noise,Cycles,DeepSleep,LenAdjust,Geo
"1500178200000","XXX/YYY","16. 07. 2017 9:40","16. 07. 2017 16:10","16. 07. 2017 16:10","6.500","0.0"
Id,Tz,From,To,Sched,Hours,Rating,Comment,Framerate,Snore,Noise,Cycles,DeepSleep,LenAdjust,Geo,"15:06"
"1500103253373","XXX/YYY","15. 07. 2017 12:50","15. 07. 2017 15:06","15. 07. 2017 15:06","2.260","0.0"
Id,Tz,From,To,Sched,Hours,Rating,Comment,Framerate,Snore,Noise,Cycles,DeepSleep,LenAdjust,Geo,"3:15"
"1500048955280","XXX/YYY","14. 07. 2017 21:45","15. 07. 2017 3:15","15. 07. 2017 3:15","5.500","0.0"
Id,Tz,From,To,Sched,Hours,Rating,Comment,Framerate,Snore,Noise,Cycles,DeepSleep,LenAdjust,Geo,"16:40"
"1500002155280","XXX/YYY","14. 07. 2017 8:45","14. 07. 2017 16:40","14. 07. 2017 16:40","7.920","0.0"
Id,Tz,From,To,Sched,Hours,Rating,Comment,Framerate,Snore,Noise,Cycles,DeepSleep,LenAdjust,Geo,"19:05"
"1499848095919","XXX/YYY","12. 07. 2017 13:58","12. 07. 2017 19:05","12. 07. 2017 19:05","5.120","0.0"
Id,Tz,From,To,Sched,Hours,Rating,Comment,Framerate,Snore,Noise,Cycles,DeepSleep,LenAdjust,Geo,"7:15"
"1499816715919","XXX/YYY","12. 07. 2017 5:15","12. 07. 2017 7:15","12. 07. 2017 7:15","2.000","3.5"
Id,Tz,From,To,Sched,Hours,Rating,Comment,Framerate,Snore,Noise,Cycles,DeepSleep,LenAdjust,Geo
"1499659800000","XXX/YYY","10. 07. 2017 9:40","10. 07. 2017 16:10","10. 07. 2017 16:10","6.500","0.0"
Id,Tz,From,To,Sched,Hours,Rating,Comment,Framerate,Snore,Noise,Cycles,DeepSleep,LenAdjust,Geo,"16:35"
"1499561117693","XXX/YYY","09. 07. 2017 6:15","09. 07. 2017 16:35","09. 07. 2017 16:35","10.330","0.0"
Id,Tz,From,To,Sched,Hours,Rating,Comment,Framerate,Snore,Noise,Cycles,DeepSleep,LenAdjust,Geo,"8:35"
"1499286915697","XXX/YYY","06. 07. 2017 2:05","06. 07. 2017 8:35","06. 07. 2017 8:35","6.500","0.0"
Id,Tz,From,To,Sched,Hours,Rating,Comment,Framerate,Snore,Noise,Cycles,DeepSleep,LenAdjust,Geo,"14:00"
"1499223681589","XXX/YYY","05. 07. 2017 8:31","05. 07. 2017 14:00","05. 07. 2017 14:00","5.480","0.0"
Id,Tz,From,To,Sched,Hours,Rating,Comment,Framerate,Snore,Noise,Cycles,DeepSleep,LenAdjust,Geo,"5:58"
"1499214398463","XXX/YYY","05. 07. 2017 5:56","05. 07. 2017 8:26","05. 07. 2017 8:30","2.500","0.0"
Id,Tz,From,To,Sched,Hours,Rating,Comment,Framerate,Snore,Noise,Cycles,DeepSleep,LenAdjust,Geo,"14:05"
"1499146816340","XXX/YYY","04. 07. 2017 11:10","04. 07. 2017 14:05","04. 07. 2017 14:05","2.920","0.0"
Id,Tz,From,To,Sched,Hours,Rating,Comment,Framerate,Snore,Noise,Cycles,DeepSleep,LenAdjust,Geo,"13:51"
"1498956188017","XXX/YYY","02. 07. 2017 6:13","02. 07. 2017 13:51","02. 07. 2017 13:51","7.640","0.0"
Id,Tz,From,To,Sched,Hours,Rating,Comment,Framerate,Snore,Noise,Cycles,DeepSleep,LenAdjust,Geo,"5:08"
"1498932068017","XXX/YYY","01. 07. 2017 23:31","02. 07. 2017 5:08","02. 07. 2017 5:08","5.620","2.5"
